Profile Name,Title Name,Country,Utc Title Add Date
Chefinho,The Illusionist,Brazil,2022-09-11
Chefinho,Sad Hill Unearthed,Brazil,2022-09-10
Chefinho,Blue Story,Brazil,2022-08-30
Chefinho,Forgotten,Brazil,2022-08-30
Chefinho,Major (Hindi),Brazil,2022-08-30
Chefinho,RRR (Hindi),Brazil,2022-08-30
Chefinho,Baby Driver,Brazil,2022-08-29
Chefinho,The Great Wall,Brazil,2022-08-29
Chefinho,Trust No One: The Hunt for the Crypto King,Brazil,2022-08-28
Chefinho,Our Father,Brazil,2022-08-28
Chefinho,Downfall: The Case Against Boeing,Brazil,2022-08-28
Chefinho,Return to Space,Brazil,2022-08-28
Chefinho,Untold: The Girlfriend Who Didn't Exist,Brazil,2022-08-20
Chefinho,Untold: Deal With the Devil,Brazil,2022-08-20
Chefinho,The Gray Man,Brazil,2022-08-13
Chefinho,Day Shift,Brazil,2022-08-13
Chefinho,The Old Guard,Brazil,2022-08-13
Chefinho,The Miracle,Brazil,2022-08-03
Chefinho,Toll Booth,Brazil,2022-08-03
Chefinho,Stardust,Brazil,2022-07-18
Chefinho,Memento,Brazil,2022-07-16
Chefinho,Jobs,Brazil,2022-07-14
Chefinho,Annihilation,Brazil,2022-07-12
Chefinho,Oxygen,Brazil,2022-07-12
Chefinho,Replicas,Brazil,2022-07-12
Chefinho,The Mist,Brazil,2022-07-12
Chefinho,In the Heart of the Sea,Brazil,2022-07-11
Chefinho,Whiplash,Brazil,2022-07-11
Chefinho,Fight Club,Brazil,2022-07-11
Chefinho,The Blacklist,Brazil,2022-07-11
Chefinho,Dirty Money,Brazil,2022-07-11
Chefinho,The Minimalists: Less Is Now,Brazil,2022-07-06
Chefinho,Connected,Brazil,2022-07-06
Chefinho,Inside Job,Brazil,2022-07-06
Chefinho,Spycraft,Brazil,2022-07-06
Chefinho,The Game Changers,Brazil,2022-07-06
Chefinho,The Weekend Away,Brazil,2022-03-13
Chefinho,Executive Decision,Brazil,2022-01-29
Chefinho,Vantage Point,Brazil,2022-01-29
Chefinho,Paranoid,Brazil,2022-01-29
Chefinho,The Quick and the Dead,Brazil,2022-01-29
Chefinho,A Quiet Place,Brazil,2022-01-29
Chefinho,A Vigilante,Brazil,2022-01-29
Chefinho,The Social Dilemma,Brazil,2022-01-24
Chefinho,Lost Girls,Brazil,2021-12-20
Chefinho,The Hurt Locker,Brazil,2021-12-20
Chefinho,When They See Us,Brazil,2021-12-20
Chefinho,Evil Genius: the True Story of America's Most Diabolical Bank Heist,Brazil,2021-12-20
Chefinho,The Unforgivable,Brazil,2021-12-20
Chefinho,Mr. Jones,Brazil,2021-12-20
Chefinho,Amanda Knox,Brazil,2021-12-20
Chefinho,House of Secrets: The Burari Deaths,Brazil,2021-12-20
Chefinho,Unforgettable,Brazil,2021-12-20
Chefinho,Addicted,Brazil,2021-12-20
Chefinho,Premonition,Brazil,2021-12-20
Chefinho,The Trials of Gabriel Fernandez,Brazil,2021-12-20
Chefinho,Dark Desire,Brazil,2021-12-20
Chefinho,The Ripper,Brazil,2021-12-20
Chefinho,The Last Days,Brazil,2021-12-20
Chefinho,Ex Machina,Brazil,2021-12-20
Chefinho,When the Bough Breaks,Brazil,2021-12-20
Chefinho,Jeffrey Epstein: Filthy Rich,Brazil,2021-12-20
Chefinho,The Punisher,Brazil,2021-12-20
Chefinho,Don't Breathe,Brazil,2021-12-20
Chefinho,Guerras do Brasil.doc,Brazil,2021-12-20
Chefinho,The Keepers,Brazil,2021-12-20
Chefinho,Don't F**k with Cats: Hunting an Internet Killer,Brazil,2021-12-20
Chefinho,A Knight's Tale,Brazil,2021-12-20
Chefinho,Abducted in Plain Sight,Brazil,2021-12-20
Chefinho,The Forgotten Battle,Brazil,2021-12-20
Chefinho,The Sons of Sam: A Descent into Darkness,Brazil,2021-12-20
Chefinho,Inside the World’s Toughest Prisons,Brazil,2021-12-20
Chefinho,Sex/Life,Brazil,2021-12-20
Chefinho,The Devil Next Door,Brazil,2021-12-20
Chefinho,Unfaithful,Brazil,2021-12-20
Chefinho,The Call,Brazil,2021-02-01
Chefinho,The White Tiger,Brazil,2021-02-01
Chefinho,The Trial of the Chicago 7,Brazil,2021-01-01
Chefinho,A Million Ways to Die in the West,Brazil,2021-01-01
Chefinho,Project Power,Brazil,2021-01-01
Chefinho,September,Brazil,2021-01-01
Chefinho,The Devil All The Time,Brazil,2021-01-01
Chefinho,Hillbilly Elegy,Brazil,2021-01-01
Chefinho,True Grit,Brazil,2021-01-01
Chefinho,Bridgerton,Brazil,2021-01-01
Chefinho,Due Date,Brazil,2021-01-01
Chefinho,The Duel,Brazil,2021-01-01
Chefinho,The King,Brazil,2020-11-20
Chefinho,Django Unchained,Brazil,2020-11-20
Chefinho,Jupiter Ascending,Brazil,2020-11-20
Chefinho,Rebecca,Brazil,2020-10-22
Chefinho,Uncut Gems,Brazil,2020-10-20
Chefinho,The Little Prince,Brazil,2020-10-20
Chefinho,The Dawn Wall,Brazil,2020-10-20
Chefinho,The Emoji Movie,Brazil,2020-10-11
Chefinho,The Ballad of Buster Scruggs,Brazil,2020-07-29
Chefinho,Saving Private Ryan,Brazil,2020-05-12
Chefinho,The Crown,Brazil,2020-04-23
Chefinho,Roman Empire,Brazil,2020-04-22
Chefinho,Focus,Brazil,2020-04-05
Chefinho,The Lovely Bones,Brazil,2020-04-05
Chefinho,The Legacy of the Bones,Brazil,2020-04-05
Chefinho,Atomic Blonde,Brazil,2020-04-04
Chefinho,The Mist,Brazil,2020-03-31
Chefinho,The Intern,Brazil,2020-03-27
Chefinho,Eurotrip,Brazil,2020-03-25
Chefinho,The Two Popes,Brazil,2020-03-22
Chefinho,Versailles,Brazil,2020-03-22
Chefinho,The Fugitive,Brazil,2020-02-23
Chefinho,Ballerina,Brazil,2019-12-18
Chefinho,Inside Man,Brazil,2019-09-14
Chefinho,Alias Grace,Brazil,2019-08-25
Chefinho,Black Hawk Down,Brazil,2019-08-25
Chefinho,Drunken Master,Brazil,2019-08-17
Chefinho,Animal World,Brazil,2019-08-17
Chefinho,Monster House,Brazil,2019-08-17
Chefinho,The Trust,Brazil,2019-08-17
Chefinho,What Happened to Monday,Brazil,2019-08-17
Chefinho,Hell or High Water,Brazil,2019-08-17
Chefinho,Spectral,Brazil,2019-08-17
Chefinho,Train to Busan,Brazil,2019-08-17
Chefinho,Two Weeks Notice,Brazil,2019-07-29
Chefinho,The Great Hack,Brazil,2019-07-26
Chefinho,Match Point,Brazil,2019-07-23
Chefinho,The Dark Crystal,Brazil,2019-07-21
Chefinho,Limitless,Brazil,2019-07-21
Chefinho,OtherLife,Brazil,2019-07-21
Chefinho,The Bar,Brazil,2019-07-21
Chefinho,See You Yesterday,Brazil,2019-07-13
Chefinho,High Seas,Brazil,2019-07-13
Chefinho,The Perfection,Brazil,2019-07-13
Chefinho,Point Blank,Brazil,2019-07-13
Chefinho,Sofia the First,Brazil,2019-06-08
Chefinho,Swiss Army Man,Brazil,2019-05-12
Chefinho,The Mechanism,Brazil,2019-05-12
Chefinho,Operation Finale,Brazil,2019-04-18
Chefinho,The Look of Silence,Brazil,2019-04-13
Chefinho,Free State of Jones,Brazil,2019-04-13
Chefinho,Beasts of No Nation,Brazil,2019-04-13
Chefinho,Black Hawk Down,Brazil,2019-04-13
Chefinho,6 Days,Brazil,2019-04-13
Chefinho,Triple Frontier,Brazil,2019-03-16
Chefinho,1898: Our Last Men in the Philippines,Brazil,2019-02-24
Chefinho,Palm Trees in the Snow,Brazil,2019-02-24
Chefinho,The Hateful Eight,Brazil,2019-02-24
Chefinho,Free State of Jones,Brazil,2019-02-24
Chefinho,6 Days,Brazil,2019-02-24
Chefinho,My Honor Was Loyalty,Brazil,2019-02-24
Chefinho,Hatfields & McCoys,Brazil,2019-02-24
Chefinho,Children of Men,Brazil,2019-01-24
Chefinho,Godless,Brazil,2019-01-12
Chefinho,The Haunting of Hill House,Brazil,2018-12-17
Chefinho,Green Room,Brazil,2018-12-15
Chefinho,Chuck Norris vs. Communism,Brazil,2018-12-15
Chefinho,The Lovely Bones,Brazil,2018-11-21
Chefinho,Finding Neverland,Brazil,2018-11-21
Chefinho,Room,Brazil,2018-11-21
Chefinho,Slow West,Brazil,2018-11-21
Chefinho,Tears of the Sun,Brazil,2018-11-20
Chefinho,Altered Carbon,Brazil,2018-11-10
Chefinho,Mars,Brazil,2018-11-10
Chefinho,The Invisible Guest,Brazil,2018-11-10
Chefinho,The Fall,Brazil,2018-11-10
Chefinho,The Story of God with Morgan Freeman,Brazil,2018-11-10
Chefinho,World War II in Colour,Brazil,2018-11-10
Chefinho,Bodyguard,Brazil,2018-10-31
Chefinho,Once Upon a Time,Portugal,2018-07-04
Chefinho,Money Heist,Brazil,2018-05-01
Chefinho,Lost in Space,Brazil,2018-04-14
Chefinho,The Mechanism,Brazil,2018-03-23
Chefinho,Timeline,Brazil,2018-02-17
Chefinho,Steve Jobs,Brazil,2018-02-13
Chefinho,Guardians of the Galaxy,Brazil,2018-02-12
Chefinho,The Dorm,Brazil,2018-01-28
Chefinho,First They Killed My Father,Brazil,2017-11-11
Chefinho,Gerald's Game,Brazil,2017-09-30
Lourenço,The Mummy Returns,Netherlands,2022-09-07
Lourenço,Voices of Liberation,Netherlands,2022-09-04
Lourenço,The Mummy,Netherlands,2022-09-04
Lourenço,Selling The OC,Netherlands,2022-08-24
Lourenço,The Gray Man,Netherlands,2022-07-25
Lourenço,Southern Survival,Netherlands,2022-07-01
Lourenço,The Long Road to War,Netherlands,2022-06-27
Lourenço,Love on the Spectrum U.S.,Netherlands,2022-05-18
Lourenço,The Great Robbery of Brazil's Central Bank,Netherlands,2022-03-18
Lourenço,The Bombardment,Netherlands,2022-03-18
Lourenço,Bad Vegan: Fame. Fraud. Fugitives.,Netherlands,2022-03-18
Lourenço,Bohemian Rhapsody,Netherlands,2022-03-17
Lourenço,The Andy Warhol Diaries,Netherlands,2022-03-10
Lourenço,Space Force,Netherlands,2022-02-18
Lourenço,Ride Along 2,Netherlands,2022-02-13
Lourenço,They Who Dare,Netherlands,2022-02-13
Lourenço,In Time,Netherlands,2022-02-13
Lourenço,Don't Look Up,Netherlands,2021-12-27
Lourenço,Sex and the City: The Movie,Netherlands,2021-12-13
Lourenço,6 Underground,Netherlands,2021-11-06
Lourenço,The Forgotten Battle,Netherlands,2021-10-16
Lourenço,You,Netherlands,2021-10-15
Lourenço,Love Is Blind: Brazil,Netherlands,2021-10-07
Lourenço,Maid,Netherlands,2021-10-06
Lourenço,Boss Level,Netherlands,2021-10-05
Lourenço,Oats Studios,Netherlands,2021-10-05
Lourenço,1917,Netherlands,2021-09-28
Lourenço,The Big Short,Netherlands,2021-08-21
Lourenço,The 5th Wave,Netherlands,2021-08-14
Lourenço,Rurouni Kenshin: The Beginning,Netherlands,2021-08-14
Lourenço,Outside the Wire,Netherlands,2021-08-14
Lourenço,Mortal Kombat,Netherlands,2021-08-14
Lourenço,San Andreas,Netherlands,2021-08-14
Lourenço,Rurouni Kenshin: The Final,Netherlands,2021-08-14
Lourenço,Love and Monsters,Netherlands,2021-08-14
Lourenço,Monster Hunter,Netherlands,2021-08-14
Lourenço,The Magnificent Seven,Netherlands,2021-08-10
Lourenço,Creed II,Netherlands,2021-08-08
Lourenço,Creed,Netherlands,2021-08-08
Lourenço,Jurassic World,Netherlands,2021-08-08
Lourenço,Top Gun,Netherlands,2021-08-02
Lourenço,How to Become a Tyrant,Netherlands,2021-07-23
Lourenço,Love Is Blind,Netherlands,2021-07-15
Lourenço,Metallica: Some Kind of Monster,Netherlands,2021-06-28
Lourenço,On Becoming a God in Central Florida,Netherlands,2021-06-28
Lourenço,Beverly Hills Ninja,Netherlands,2021-06-12
Lourenço,Fun with Dick & Jane,Netherlands,2021-05-24
Lourenço,Pokémon Detective Pikachu,Netherlands,2021-05-22
Lourenço,The Mask of Zorro,Netherlands,2021-04-23
Lourenço,The Circle,Netherlands,2021-04-22
Lourenço,Six Minutes To Midnight,Netherlands,2021-04-22
Lourenço,Enrico Piaggio - An Italian Dream,Netherlands,2021-04-22
Lourenço,Liar Liar,Netherlands,2021-04-06
Lourenço,News of the World,Netherlands,2021-03-02
Lourenço,Apocalypse Now Redux,Netherlands,2021-02-28
Lourenço,True Grit,Netherlands,2021-02-27
Lourenço,Once Upon a Time in Hollywood,Netherlands,2021-01-22
Lourenço,Zoolander,Netherlands,2021-01-16
Lourenço,Tower Heist,Netherlands,2021-01-16
Lourenço,Jiu Jitsu,Netherlands,2021-01-08
Lourenço,Ma Rainey's Black Bottom,Netherlands,2021-01-08
Lourenço,U-571,Netherlands,2021-01-08
Lourenço,The Minimalists: Less Is Now,Netherlands,2021-01-08
Lourenço,Hartenstrijd,Netherlands,2021-01-08
Lourenço,"Crack: Cocaine, Corruption & Conspiracy",Netherlands,2021-01-08
Lourenço,BONDING,Netherlands,2021-01-08
Lourenço,Yes Man,Netherlands,2020-12-26
Lourenço,Tiny Pretty Things,Netherlands,2020-12-24
Lourenço,Zodiac,Netherlands,2020-12-24
Lourenço,Midway,Netherlands,2020-12-11
Lourenço,Dallas Buyers Club,Netherlands,2020-12-11
Lourenço,MANK,Netherlands,2020-12-07
Lourenço,The Trial of the Chicago 7,Netherlands,2020-12-07
Lourenço,Hubie Halloween,Netherlands,2020-10-25
Lourenço,Brave Blue World: Racing to Solve Our Water Crisis,Netherlands,2020-10-23
Lourenço,Assassin's Creed,Netherlands,2020-10-23
Lourenço,Kick-Ass 2,Netherlands,2020-10-23
Lourenço,Zombieland: Double Tap,Netherlands,2020-10-23
Lourenço,Vampires vs. the Bronx,Netherlands,2020-10-23
Lourenço,Kiss the Ground,Netherlands,2020-10-23
Lourenço,The Playbook,Netherlands,2020-10-23
Lourenço,Saving Capitalism,Netherlands,2020-10-22
Lourenço,Jumanji: The Next Level,Netherlands,2020-10-22
Lourenço,Men in Black: International,Netherlands,2020-10-22
Lourenço,Total Recall,Portugal,2020-07-04
Lourenço,Home Game,Portugal,2020-06-26
Lourenço,Bad Boys,Portugal,2020-03-01
Lourenço,Bad Boys II,Portugal,2020-03-01
Lourenço,Greatest Events of WWII in Colour,Portugal,2020-02-16
Lourenço,Rango,Portugal,2020-01-15
Lourenço,The Witcher,Portugal,2020-01-04
Lourenço,Holiday in the Wild,Portugal,2019-12-31
Lourenço,Rick and Morty,Netherlands,2019-12-28
Lourenço,The Blind Side,Netherlands,2019-12-27
Lourenço,Venom,Netherlands,2019-12-26
Lourenço,Spider-Man: Into the Spider-Verse,Netherlands,2019-12-26
Lourenço,Senna,Portugal,2019-12-19
Lourenço,Rampage,Portugal,2019-12-08
Lourenço,Forrest Gump,Portugal,2019-12-08
Lourenço,The Irishman,Portugal,2019-11-28
Lourenço,Ready Player One,Portugal,2019-11-23
Lourenço,Mad Max,Portugal,2019-11-17
Lourenço,Downsizing,Portugal,2019-11-17
Lourenço,The Great Gatsby,Portugal,2019-11-16
Lourenço,Interstellar,Portugal,2019-11-16
Lourenço,"Good Morning, Vietnam",Portugal,2019-11-16
Lourenço,In the Heart of the Sea,Portugal,2019-11-03
Lourenço,American Made,Portugal,2019-10-22
Lourenço,Unnatural Selection,Portugal,2019-10-22
Lourenço,Inside Bill's Brain: Decoding Bill Gates,Portugal,2019-10-22
Lourenço,Lion,Brazil,2019-10-14
Lourenço,Abstract: The Art of Design,Brazil,2019-10-12
Lourenço,Sully,Brazil,2019-10-12
Lourenço,The Sinner,Portugal,2018-05-18
