Profile Name,Country Iso Code,Device,Is Kids,Query Typed,Displayed Name,Action,Section,Utc Timestamp
Chefinho,BR,iPhone,0,adastra,Annihilation,select,title_results,2022-09-13 09:42:33
Chefinho,BR,iPhone,0,snow piercer,,select,title_results,2022-09-11 23:40:11
Chefinho,BR,iPhone,0,the gam,The Mummy,select,title_results,2022-09-11 23:37:39
Chefinho,BR,iPhone,0,illusio,The Illusionist,add,title_results,2022-09-11 23:36:42
Chefinho,BR,iPhone,0,illusio,The Illusionist,select,title_results,2022-09-11 23:36:21
Chefinho,BR,iPhone,0,mist,,select,title_results,2022-09-11 23:33:16
Chefinho,BR,iPhone,0,sad,Sad Hill Unearthed,add,title_results,2022-09-10 10:56:10
Chefinho,BR,iPhone,0,sad,Sad Hill Unearthed,select,title_results,2022-09-10 10:55:54
Chefinho,BR,iPhone,0,13th,13TH,select,title_results,2022-09-10 10:55:11
Chefinho,BR,iPhone,0,trust,Trust No One: The Hunt for the Crypto King,select,title_results,2022-09-10 10:54:31
Chefinho,BR,HTML 5,0,blue story,Blue Story,add,title_results,2022-08-30 13:50:08
Chefinho,BR,HTML 5,0,blue story,Blue Story,add,title_results,2022-08-30 13:50:08
Chefinho,BR,HTML 5,0,rrr,RRR (Hindi),add,title_results,2022-08-30 13:48:01
Chefinho,BR,HTML 5,0,rrr,RRR (Hindi),add,title_results,2022-08-30 13:48:01
Chefinho,BR,HTML 5,0,major,Major (Hindi),add,title_results,2022-08-30 13:34:55
Chefinho,BR,HTML 5,0,major,Major (Hindi),add,title_results,2022-08-30 13:34:55
Chefinho,BR,HTML 5,0,forgotten,Forgotten,add,title_results,2022-08-30 12:44:56
Chefinho,BR,HTML 5,0,forgotten,Forgotten,add,title_results,2022-08-30 12:44:56
Chefinho,BR,iPhone,0,mosul,Mosul,select,title_results,2022-08-29 15:28:23
Chefinho,BR,iPhone,0,nas muralhas da fort,Priest,select,title_results,2022-08-29 15:23:07
Chefinho,BR,iPhone,0,nas muralhas da fort,The Great Wall,add,title_results,2022-08-29 15:22:53
Chefinho,BR,iPhone,0,nas muralhas da fort,The Great Wall,select,title_results,2022-08-29 15:21:35
Chefinho,BR,HTML 5,0,baby driver,Baby Driver,add,title_results,2022-08-29 11:35:37
Chefinho,BR,HTML 5,0,downfall,Downfall: The Case Against Boeing,add,title_results,2022-08-28 22:11:17
Chefinho,BR,HTML 5,0,downfall,Downfall: The Case Against Boeing,add,title_results,2022-08-28 22:11:17
Chefinho,BR,HTML 5,0,our father,Our Father,add,title_results,2022-08-28 22:10:30
Chefinho,BR,HTML 5,0,our father,Our Father,add,title_results,2022-08-28 22:10:30
Chefinho,BR,HTML 5,0,return to space,Return to Space,add,title_results,2022-08-28 22:09:14
Chefinho,BR,HTML 5,0,trust no one,Trust No One: The Hunt for the Crypto King,add,title_results,2022-08-28 22:07:47
Chefinho,BR,iPhone,0,untol,,add,,2022-08-20 08:24:45
Chefinho,BR,iPhone,0,untol,,select,,2022-08-20 08:24:35
Chefinho,BR,iPhone,0,untol,Untold: Deal With the Devil,add,,2022-08-20 08:24:29
Chefinho,BR,iPhone,0,untol,Untold: Deal With the Devil,select,,2022-08-20 08:23:55
Chefinho,BR,iPhone,0,untol,,select,,2022-08-20 08:23:03
Chefinho,BR,iPhone,0,day shift,Day Shift,add,title_results,2022-08-13 16:47:39
Chefinho,BR,iPhone,0,day shift,Day Shift,select,title_results,2022-08-13 16:47:26
Chefinho,BR,iPhone,0,gray,The Gray Man,add,title_results,2022-08-13 16:46:48
Chefinho,BR,iPhone,0,gray,The Gray Man,select,title_results,2022-08-13 16:46:41
Chefinho,BR,iPhone,0,wrath,Extraction,select,title_results,2022-08-13 16:45:33
Chefinho,BR,iPhone,0,ozark,A Farewell to Ozark,select,title_results,2022-08-13 16:44:02
Chefinho,BR,iPhone,0,ozark,,select,title_results,2022-08-13 16:43:34
Chefinho,BR,iPhone,0,old ,The Old Guard,add,title_results,2022-08-13 16:42:46
Chefinho,BR,iPhone,0,old ,The Old Guard,select,title_results,2022-08-13 16:42:27
Chefinho,BR,iPhone,0,mucize,The Miracle,add,title_results,2022-08-03 23:37:05
Chefinho,BR,iPhone,0,mucize,The Miracle,select,title_results,2022-08-03 23:36:39
Chefinho,BR,iPhone,0,holodo,Mr. Jones,select,title_results,2022-07-31 13:21:54
Chefinho,BR,iPhone,0,holodo,Mr. Jones,select,title_results,2022-07-31 13:21:17
Chefinho,BR,iPhone,0,beatles,,select,title_results,2022-07-22 21:35:22
Chefinho,BR,HTML 5,0,stardust,Stardust,add,title_results,2022-07-18 15:18:29
Chefinho,BR,HTML 5,0,stardust,Stardust,add,title_results,2022-07-18 15:18:29
Chefinho,BR,HTML 5,0,stardust,Stardust,play,title_results,2022-07-18 15:17:08
Chefinho,BR,HTML 5,0,stardust,Stardust,play,title_results,2022-07-18 15:17:08
Chefinho,BR,iPhone,0,steve jobs,Jobs,add,title_results,2022-07-14 23:16:33
Chefinho,BR,iPhone,0,steve jobs,Jobs,select,title_results,2022-07-14 23:16:32
Chefinho,BR,iPhone,0,steve jobs,Jobs,select,title_results,2022-07-14 23:15:43
Chefinho,BR,iPhone,0,dirt grandpa,American Pie Presents: The Naked Mile,select,title_results,2022-07-14 23:11:56
Chefinho,BR,iPhone,0,the interview,The Interview,select,suggestion_results,2022-07-14 23:10:17
Chefinho,BR,iPad,0,broadchuch,,select,title_results,2022-07-12 19:06:08
Chefinho,BR,iPad,0,ozark’,A Farewell to Ozark,select,title_results,2022-07-12 19:02:25
Chefinho,BR,iPad,0,ozark’,,select,title_results,2022-07-12 19:02:09
Chefinho,BR,iPad,0,kim’s,,select,title_results,2022-07-12 19:00:22
Chefinho,BR,iPad,0,dead again,Ava,select,title_results,2022-07-12 18:42:05
Chefinho,BR,iPhone,0,spider,Spiderhead,select,title_results,2022-07-12 17:22:08
Chefinho,BR,iPhone,0,mist,,select,title_results,2022-07-12 17:21:07
Chefinho,BR,iPhone,0,mist,,add,title_results,2022-07-12 17:20:40
Chefinho,BR,iPhone,0,mist,,select,title_results,2022-07-12 17:20:19
Chefinho,BR,iPhone,0,daniel day lewis,,select,suggestion_results,2022-07-09 14:19:07
Chefinho,BR,iPhone,0,joy,Joy,select,title_results,2022-07-06 09:54:49
Chefinho,BR,iPhone,0,the great hack,American Assassin,select,title_results,2022-07-06 09:53:42
Chefinho,BR,iPhone,0,the great hack,,add,title_results,2022-07-06 09:53:11
Chefinho,BR,iPhone,0,the great hack,,select,title_results,2022-07-06 09:52:20
Chefinho,BR,iPhone,0,the great hack,Blackhat,select,title_results,2022-07-06 09:51:40
Chefinho,BR,iPhone,0,the great hack,If Anything Happens I Love You,select,title_results,2022-07-06 09:51:22
Chefinho,BR,iPhone,0,the great hack,FYRE: The Greatest Party That Never Happened,select,title_results,2022-07-06 09:51:06
Chefinho,BR,iPhone,0,the great hack,The Great Hack,select,title_results,2022-07-06 09:49:49
Chefinho,BR,iPhone,0,connected,,select,title_results,2022-07-06 09:48:52
Chefinho,BR,iPhone,0,connected,,select,title_results,2022-07-06 09:48:35
Chefinho,BR,iPhone,0,connected,Connected,select,title_results,2022-07-06 09:48:19
Chefinho,BR,iPhone,0,connected,Connected,select,title_results,2022-07-06 09:48:10
Chefinho,BR,iPhone,0,connected,,add,title_results,2022-07-06 09:48:07
Chefinho,BR,iPhone,0,connected,,select,title_results,2022-07-06 09:47:44
Chefinho,BR,iPhone,0,the game,The Game Changers,add,title_results,2022-07-06 09:46:51
Chefinho,BR,iPhone,0,the game,The Game Changers,select,title_results,2022-07-06 09:46:37
Chefinho,BR,iPhone,0,man on wire,World Trade Center,select,title_results,2022-07-06 09:46:06
Chefinho,BR,iPhone,0,man on wire,The Social Dilemma,select,title_results,2022-07-06 09:45:07
Chefinho,BR,iPhone,0,man on wire,The Minimalists: Less Is Now,add,title_results,2022-07-06 09:44:37
Chefinho,BR,iPhone,0,man on wire,The Minimalists: Less Is Now,select,title_results,2022-07-06 09:44:19
Chefinho,BR,iPhone,0,inside,Inside Job,add,title_results,2022-07-06 09:43:24
Chefinho,BR,iPhone,0,inside,Inside Job,select,title_results,2022-07-06 09:43:04
Chefinho,BR,Android Phone,0,war,,select,title_results,2022-07-05 19:26:21
Chefinho,BR,iPad,0,tribunal,,select,title_results,2022-07-04 10:19:53
Chefinho,BR,iPad,0,tribunal,Behave,select,title_results,2022-07-04 10:19:29
Chefinho,NL,iPad,0,road to perdition,Along Came a Spider,play,title_results,2022-06-26 06:36:01
Chefinho,NL,iPad,0,road to perdition,Along Came a Spider,select,title_results,2022-06-26 06:35:32
Chefinho,BR,Smart TV,0,top gun,Operation Mincemeat,play,title_results,2022-06-03 18:18:59
Chefinho,BR,Smart TV,0,top gun,Operation Mincemeat,select,title_results,2022-06-03 18:18:54
Chefinho,BR,Smart TV,0,top gun,Jack Reacher: Never Go Back,play,title_results,2022-06-03 18:16:50
Chefinho,BR,Smart TV,0,top gun,Jack Reacher: Never Go Back,select,title_results,2022-06-03 18:16:46
Chefinho,BR,Smart TV,0,top gun,Jack Reacher,play,title_results,2022-06-03 18:16:38
Chefinho,BR,Smart TV,0,top gun,Jack Reacher,select,title_results,2022-06-03 18:16:34
Chefinho,BR,Smart TV,0,ther,Snow White & the Huntsman,play,suggestion_results,2022-05-28 20:30:11
Chefinho,BR,Smart TV,0,ther,Snow White & the Huntsman,play,suggestion_results,2022-05-28 19:54:57
Chefinho,BR,Smart TV,0,ther,Snow White & the Huntsman,play,suggestion_results,2022-05-28 17:41:03
Chefinho,BR,Smart TV,0,ther,Snow White & the Huntsman,select,suggestion_results,2022-05-28 17:41:01
Chefinho,BR,Smart TV,0,ther,Snow White & the Huntsman,play,suggestion_results,2022-05-28 17:40:15
Chefinho,BR,Smart TV,0,ther,Snow White & the Huntsman,select,suggestion_results,2022-05-28 17:40:10
Chefinho,BR,Smart TV,0,ther,,select,suggestion_results,2022-05-28 17:40:09
Chefinho,BR,Smart TV,0,ther,The Dig,play,suggestion_results,2022-05-28 17:39:10
Chefinho,BR,Smart TV,0,ther,The Dig,select,suggestion_results,2022-05-28 17:39:06
Chefinho,BR,Smart TV,0,ther,Okja,play,suggestion_results,2022-05-28 17:38:40
Chefinho,BR,Smart TV,0,ther,Okja,select,suggestion_results,2022-05-28 17:38:37
Chefinho,BR,Smart TV,0,ther,The Big Short,play,suggestion_results,2022-05-28 17:38:08
Chefinho,BR,Smart TV,0,ther,The Big Short,select,suggestion_results,2022-05-28 17:38:04
Chefinho,BR,Smart TV,0,ther,,select,suggestion_results,2022-05-28 17:37:48
Chefinho,BR,Smart TV,0,ther,There Will Be Blood,select,suggestion_results,2022-05-28 17:37:15
Chefinho,BR,Smart TV,0,ther,There Will Be Blood,select,suggestion_results,2022-05-28 17:37:10
Chefinho,BR,Smart TV,0,ther,There Will Be Blood,select,suggestion_results,2022-05-28 17:37:06
Chefinho,BR,iPhone,0,hair,Hair,select,suggestion_results,2022-05-25 12:52:47
Chefinho,BR,iPhone,0,the handmaid’s tale,,select,suggestion_results,2022-05-24 15:30:17
Chefinho,BR,Smart TV,0,good pl,,play,suggestion_results,2022-05-15 22:01:28
Chefinho,BR,Smart TV,0,good pl,,play,suggestion_results,2022-05-15 21:58:37
Chefinho,BR,Smart TV,0,good pl,,select,suggestion_results,2022-05-15 21:58:31
Chefinho,BR,Smart TV,0,good pl,The Good Place,select,suggestion_results,2022-05-15 21:58:30
Chefinho,BR,Smart TV,0,jacob,The Unforgivable,select,suggestion_results,2022-05-15 19:54:38
Chefinho,BR,Smart TV,0,jacob,Jacob's Ladder,select,suggestion_results,2022-05-15 19:53:59
Chefinho,BR,Smart TV,0,meet,Don't Look Up,select,suggestion_results,2022-05-15 19:52:43
Chefinho,BR,Smart TV,0,meet,One Day,play,suggestion_results,2022-05-15 19:51:53
Chefinho,BR,Smart TV,0,meet,One Day,select,suggestion_results,2022-05-15 19:51:49
Chefinho,BR,Smart TV,0,meet,Meet Joe Black,select,suggestion_results,2022-05-15 19:51:34
Chefinho,BR,Smart TV,0,bone ,Apostle,play,suggestion_results,2022-05-15 19:46:38
Chefinho,BR,Smart TV,0,bone ,Apostle,select,suggestion_results,2022-05-15 19:46:36
Chefinho,BR,Smart TV,0,bone ,The Quick and the Dead,play,suggestion_results,2022-05-15 19:46:02
Chefinho,BR,Smart TV,0,bone ,The Quick and the Dead,select,suggestion_results,2022-05-15 19:45:57
Chefinho,BR,Smart TV,0,bone ,Bone Tomahawk,select,suggestion_results,2022-05-15 19:45:26
Chefinho,BR,Smart TV,0,roni,Sleepers,play,suggestion_results,2022-05-15 17:09:04
Chefinho,BR,Smart TV,0,roni,Sleepers,select,suggestion_results,2022-05-15 17:08:58
Chefinho,BR,Smart TV,0,roni,Gladiator,select,suggestion_results,2022-05-15 17:08:34
Chefinho,BR,Smart TV,0,roni,Ronin,select,suggestion_results,2022-05-15 17:07:27
Chefinho,BR,Smart TV,0,sic,Force of Nature,play,suggestion_results,2022-05-15 17:06:29
Chefinho,BR,Smart TV,0,sic,Force of Nature,select,suggestion_results,2022-05-15 17:06:25
Chefinho,BR,Smart TV,0,sic,6 Days,play,suggestion_results,2022-05-15 17:05:56
Chefinho,BR,Smart TV,0,sic,6 Days,select,suggestion_results,2022-05-15 17:05:53
Chefinho,BR,Smart TV,0,sic,Man on Fire,play,suggestion_results,2022-05-15 17:05:41
Chefinho,BR,Smart TV,0,sic,Man on Fire,select,suggestion_results,2022-05-15 17:05:37
Chefinho,BR,Smart TV,0,sic,Ava,play,suggestion_results,2022-05-15 16:58:23
Chefinho,BR,Smart TV,0,sic,Ava,select,suggestion_results,2022-05-15 16:58:20
Chefinho,BR,Smart TV,0,sic,13 Hours: The Secret Soldiers of Benghazi,play,suggestion_results,2022-05-15 16:58:07
Chefinho,BR,Smart TV,0,sic,13 Hours: The Secret Soldiers of Benghazi,select,suggestion_results,2022-05-15 16:58:03
Chefinho,BR,Smart TV,0,sic,Savages,play,suggestion_results,2022-05-15 16:55:12
Chefinho,BR,Smart TV,0,sic,Savages,play,suggestion_results,2022-05-15 14:36:42
Chefinho,BR,Smart TV,0,sic,Savages,select,suggestion_results,2022-05-15 14:36:39
Chefinho,BR,Smart TV,0,sic,Extraction,play,suggestion_results,2022-05-15 14:36:23
Chefinho,BR,Smart TV,0,sic,Extraction,select,suggestion_results,2022-05-15 14:36:19
Chefinho,BR,Smart TV,0,sic,Zero Dark Thirty,play,suggestion_results,2022-05-15 14:35:43
Chefinho,BR,Smart TV,0,sic,Zero Dark Thirty,select,suggestion_results,2022-05-15 14:35:37
Chefinho,BR,Smart TV,0,sic,Sicario: Day of the Soldado,select,suggestion_results,2022-05-15 14:35:33
Chefinho,BR,Smart TV,0,sic,El infierno,play,suggestion_results,2022-05-15 14:34:22
Chefinho,BR,Smart TV,0,sic,El infierno,select,suggestion_results,2022-05-15 14:34:17
Chefinho,BR,Smart TV,0,sic,Sicario,select,suggestion_results,2022-05-15 14:34:11
Chefinho,BR,Smart TV,0,night,Nightcrawler,select,suggestion_results,2022-05-15 14:33:15
Chefinho,BR,Smart TV,0,night,Nightcrawler,select,suggestion_results,2022-05-15 14:33:04
Chefinho,BR,Smart TV,0,intou,The Rest of Us,play,suggestion_results,2022-05-14 17:24:39
Chefinho,BR,Smart TV,0,intou,The Rest of Us,select,suggestion_results,2022-05-14 17:24:37
Chefinho,BR,Smart TV,0,intou,The Rest of Us,play,suggestion_results,2022-05-14 17:23:32
Chefinho,BR,Smart TV,0,intou,The Rest of Us,select,suggestion_results,2022-05-14 17:23:27
Chefinho,BR,Smart TV,0,intou,Untouchable,select,suggestion_results,2022-05-14 17:23:17
Chefinho,BR,iPhone,0,the kee,,select,title_results,2022-04-27 17:33:15
Chefinho,BR,iPhone,0,the kee,,select,title_results,2022-04-27 17:32:25
Chefinho,BR,Streaming Stick,0,da,,play,title_results,2022-04-09 17:52:26
Chefinho,BR,Streaming Stick,0,da,,play,title_results,2022-04-09 17:16:54
Chefinho,BR,Streaming Stick,0,da,,select,title_results,2022-04-09 17:16:51
Chefinho,BR,iPhone,0,dark,,select,title_results,2022-04-09 16:49:30
Chefinho,BR,Android Phone,0,ukraine,Mr. Jones,play,title_results,2022-04-06 17:45:34
Chefinho,BR,Android Phone,0,ukraine,Mr. Jones,select,title_results,2022-04-06 17:45:18
Chefinho,BR,iPhone,0,the weekend,The Weekend Away,add,title_results,2022-03-13 12:33:11
Chefinho,BR,iPhone,0,the weekend,The Weekend Away,select,title_results,2022-03-13 12:32:59
Chefinho,BR,Android Phone,0,yest,Yesterday,select,title_results,2022-03-10 16:31:23
Chefinho,BR,iPhone,0,fright,Fright Night,select,title_results,2022-02-15 17:04:00
Chefinho,BR,HTML 5,0,jason,Knight and Day,play,title_results,2022-01-29 13:32:18
Chefinho,BR,HTML 5,0,jason,The Quick and the Dead,add,title_results,2022-01-29 13:25:52
Chefinho,BR,HTML 5,0,jason,Executive Decision,add,title_results,2022-01-29 13:25:02
Chefinho,BR,HTML 5,0,matthew fox,Vantage Point,add,title_results,2022-01-29 12:25:11
Chefinho,BR,HTML 5,0,paranoia,,add,title_results,2022-01-29 12:04:03
Chefinho,BR,HTML 5,0,o lobo atras da porta,A Wolf at the Door,play,title_results,2022-01-29 12:01:51
Chefinho,BR,HTML 5,0,um lugar silencioso,A Quiet Place,add,title_results,2022-01-29 12:00:33
Chefinho,BR,HTML 5,0,vigilante,A Vigilante,add,title_results,2022-01-29 11:59:43
Chefinho,BR,iPhone,0,social dilema,The Social Dilemma,select,title_results,2022-01-24 23:11:06
Chefinho,BR,iPhone,0,malena,MILF,select,title_results,2022-01-22 16:42:18
Chefinho,BR,iPhone,0,malena,London Fields,select,title_results,2022-01-22 16:41:50
Chefinho,BR,iPhone,0,malena,Unfaithful,select,title_results,2022-01-22 16:41:33
Chefinho,BR,iPad,0,scream,The Rite,select,title_results,2022-01-16 11:09:08
Chefinho,BR,iPad,0,scream,The Babysitter,select,title_results,2022-01-16 11:08:50
Chefinho,BR,iPad,0,scream,,select,title_results,2022-01-16 11:08:23
Chefinho,BR,iPad,0,scream,,select,title_results,2022-01-16 11:07:41
Chefinho,BR,iPad,0,fright ,Fright Night,select,title_results,2022-01-14 16:06:01
Chefinho,BR,iPhone,0,liam neesam,Cellular,select,title_results,2022-01-13 17:00:25
Chefinho,BR,iPhone,0,liam neesam,Run All Night,select,title_results,2022-01-13 17:00:07
Chefinho,BR,iPhone,0,liam neesam,Non-Stop,select,title_results,2022-01-13 16:59:45
Chefinho,BR,iPhone,0,liam neesam,Sleepless,select,title_results,2022-01-13 16:59:27
Chefinho,BR,iPhone,0,liam neesam,Man on Fire,select,title_results,2022-01-13 16:59:05
Chefinho,BR,iPhone,0,liam neesam,Wanted,select,title_results,2022-01-13 16:58:45
Chefinho,BR,iPhone,0,da vi,The Da Vinci Code,select,title_results,2022-01-10 21:05:12
Chefinho,BR,Android Phone,0,whiplash,The Da Vinci Code,select,title_results,2022-01-10 21:02:49
Chefinho,BR,Android Phone,0,whiplash,The Da Vinci Code,select,title_results,2022-01-10 21:02:00
Chefinho,BR,iPhone,0,jude law,The Stepfather,select,title_results,2021-12-29 10:51:12
Chefinho,BR,iPhone,0,jude law,One Day,select,title_results,2021-12-29 10:50:43
Chefinho,BR,iPhone,0,jude law,Lemony Snicket's A Series of Unfortunate Events,select,title_results,2021-12-29 10:49:54
Chefinho,BR,iPhone,0,jude law,King Arthur: Legend of the Sword,select,title_results,2021-12-29 10:49:23
Chefinho,BR,iPhone,0,jude law,The Holiday,select,title_results,2021-12-29 10:49:00
Chefinho,BR,iPhone,0,jude law,Closer,select,title_results,2021-12-29 10:48:32
Chefinho,BR,iPhone,0,jude law,The Danish Girl,select,title_results,2021-12-29 10:48:08
Chefinho,BR,iPhone,0,jude law,Anon,select,suggestion_results,2021-12-29 10:47:37
Chefinho,BR,iPhone,0,jude law,The Ugly Truth,select,suggestion_results,2021-12-29 10:46:59
Chefinho,BR,iPhone,0,jude law,,select,suggestion_results,2021-12-29 10:46:21
Chefinho,BR,Android Phone,0,the cove,The Expendables 3,select,title_results,2021-12-20 09:01:14
Chefinho,BR,Android Phone,0,the cove,Twilight,select,title_results,2021-12-20 08:44:08
Chefinho,BR,Android Phone,0,the cove,The Devil All The Time,select,title_results,2021-12-20 08:43:45
Chefinho,BR,Android Phone,0,dark ,A Knight's Tale,add,title_results,2021-12-20 08:42:35
Chefinho,BR,Android Phone,0,dark ,A Knight's Tale,select,title_results,2021-12-20 08:42:22
Chefinho,BR,Android Phone,0,dark ,Addicted,add,title_results,2021-12-20 08:42:17
Chefinho,BR,Android Phone,0,dark ,Addicted,select,title_results,2021-12-20 08:42:05
Chefinho,BR,Android Phone,0,dark ,Don't Breathe,add,title_results,2021-12-20 08:41:48
Chefinho,BR,Android Phone,0,dark ,Don't Breathe,select,title_results,2021-12-20 08:41:21
Chefinho,BR,Android Phone,0,dark ,,add,title_results,2021-12-20 08:40:42
Chefinho,BR,Android Phone,0,dark ,,select,title_results,2021-12-20 08:40:36
Chefinho,BR,Android Phone,0,nazi,Munich – The Edge of War,select,title_results,2021-12-20 08:39:00
Chefinho,BR,Android Phone,0,explained,,add,title_results,2021-12-20 08:36:24
Chefinho,BR,Android Phone,0,explained,,select,title_results,2021-12-20 08:36:19
Chefinho,BR,Android Phone,0,explained,,select,title_results,2021-12-20 08:36:04
Chefinho,BR,Android Phone,0,explained,,select,title_results,2021-12-20 08:35:51
Chefinho,BR,Android Phone,0,earthings,365 Days,select,title_results,2021-12-20 08:34:33
Chefinho,BR,Android Phone,0,earthings,,select,title_results,2021-12-20 08:33:53
Chefinho,BR,Android Phone,0,earthings,Passengers,select,title_results,2021-12-20 08:33:33
Chefinho,BR,Android Phone,0,earthings,Unfaithful,add,title_results,2021-12-20 08:33:30
Chefinho,BR,Android Phone,0,earthings,Unfaithful,select,title_results,2021-12-20 08:33:29
Chefinho,BR,Android Phone,0,earthings,,select,title_results,2021-12-20 08:33:10
Chefinho,BR,Android Phone,0,earthings,,add,title_results,2021-12-20 08:33:06
Chefinho,BR,Android Phone,0,earthings,,select,title_results,2021-12-20 08:33:05
Chefinho,BR,Android Phone,0,dangerous,The Punisher,add,title_results,2021-12-20 08:32:15
Chefinho,BR,Android Phone,0,dangerous,The Punisher,select,title_results,2021-12-20 08:32:06
Chefinho,BR,Android Phone,0,dangerous,Gone Girl,select,title_results,2021-12-20 08:31:53
Chefinho,BR,Android Phone,0,dangerous,Inside Man,select,title_results,2021-12-20 08:31:45
Chefinho,BR,Android Phone,0,dangerous,,select,title_results,2021-12-20 08:31:27
Chefinho,BR,Android Phone,0,dangerous,When the Bough Breaks,add,title_results,2021-12-20 08:31:21
Chefinho,BR,Android Phone,0,dangerous,When the Bough Breaks,select,title_results,2021-12-20 08:31:11
Chefinho,BR,Android Phone,0,dangerous,Unfaithful,select,title_results,2021-12-20 08:30:57
Chefinho,BR,Android Phone,0,dangerous,Unforgettable,add,title_results,2021-12-20 08:30:53
Chefinho,BR,Android Phone,0,dangerous,Unforgettable,select,title_results,2021-12-20 08:30:42
Chefinho,BR,Android Phone,0,dangerous,Ma,select,title_results,2021-12-20 08:30:24
Chefinho,BR,Android Phone,0,dangerous,Fatal Affair,select,title_results,2021-12-20 08:30:07
Chefinho,BR,Android Phone,0,paradise,,select,title_results,2021-12-20 08:28:37
Chefinho,BR,Android Phone,0,paradise,Paradise Lost,select,title_results,2021-12-20 08:27:40
Chefinho,BR,Android Phone,0,black,The Hurt Locker,add,title_results,2021-12-20 08:26:39
Chefinho,BR,Android Phone,0,black,The Hurt Locker,select,title_results,2021-12-20 08:26:27
Chefinho,BR,Android Phone,0,black,Exit Wounds,select,title_results,2021-12-20 08:26:14
Chefinho,BR,Android Phone,0,black,Ex Machina,add,title_results,2021-12-20 08:26:00
Chefinho,BR,Android Phone,0,black,Ex Machina,select,title_results,2021-12-20 08:25:43
Chefinho,BR,Android Phone,0,trial,,select,title_results,2021-12-20 08:23:43
Chefinho,BR,Android Phone,0,trial,,add,title_results,2021-12-20 08:23:38
Chefinho,BR,Android Phone,0,trial,,select,title_results,2021-12-20 08:23:27
Chefinho,BR,Android Phone,0,trial,Premonition,add,title_results,2021-12-20 08:23:12
Chefinho,BR,Android Phone,0,trial,Premonition,select,title_results,2021-12-20 08:22:49
Chefinho,BR,Android Phone,0,trial,Murder to Mercy: The Cyntoia Brown Story,select,title_results,2021-12-20 08:22:16
Chefinho,BR,Android Phone,0,trial,Lost Girls,add,title_results,2021-12-20 08:22:10
Chefinho,BR,Android Phone,0,trial,Lost Girls,select,title_results,2021-12-20 08:22:02
Chefinho,BR,Android Phone,0,trial,The Angel,select,title_results,2021-12-20 08:21:49
Chefinho,BR,Android Phone,0,central park five,Michael Che Matters,select,title_results,2021-12-20 08:21:13
Chefinho,BR,Android Phone,0,central park five,Becoming,select,title_results,2021-12-20 08:19:32
Chefinho,BR,Android Phone,0,central park five,,add,title_results,2021-12-20 08:19:20
Chefinho,BR,Android Phone,0,central park five,,select,title_results,2021-12-20 08:19:10
Chefinho,BR,Android Phone,0,final solution,,select,title_results,2021-12-20 08:18:51
Chefinho,BR,Android Phone,0,final solution,Mr. Jones,add,title_results,2021-12-20 08:18:16
Chefinho,BR,Android Phone,0,final solution,Mr. Jones,select,title_results,2021-12-20 08:18:02
Chefinho,BR,Android Phone,0,final solution,Lawless,select,title_results,2021-12-20 08:17:35
Chefinho,BR,Android Phone,0,eyes of evil,Army of Thieves,select,title_results,2021-12-20 08:16:53
Chefinho,BR,Android Phone,0,eyes of evil,The Forgotten Battle,add,title_results,2021-12-20 08:16:06
Chefinho,BR,Android Phone,0,eyes of evil,The Forgotten Battle,select,title_results,2021-12-20 08:16:04
Chefinho,BR,Android Phone,0,eyes of evil,The Forgotten Battle,select,title_results,2021-12-20 08:15:49
Chefinho,BR,Android Phone,0,eyes of evil,The Old Guard,select,title_results,2021-12-20 08:15:39
Chefinho,BR,Android Phone,0,eyes of evil,,select,title_results,2021-12-20 08:15:24
Chefinho,BR,Android Phone,0,my octopus,My Octopus Teacher,select,title_results,2021-12-20 08:13:21
Chefinho,BR,Android Phone,0,sons,Dragons: Rescue Riders: Secrets of the Songwing,select,title_results,2021-12-20 08:12:57
Chefinho,BR,Android Phone,0,sons,,add,title_results,2021-12-20 08:12:33
Chefinho,BR,Android Phone,0,sons,,select,title_results,2021-12-20 08:12:32
Chefinho,BR,Android Phone,0,sons,The Unforgivable,add,title_results,2021-12-20 08:12:26
Chefinho,BR,Android Phone,0,sons,The Unforgivable,select,title_results,2021-12-20 08:12:25
Chefinho,BR,Android Phone,0,sons,,add,title_results,2021-12-20 08:11:45
Chefinho,BR,Android Phone,0,sons,,select,title_results,2021-12-20 08:11:32
Chefinho,BR,Android Phone,0,house of secrets,,add,title_results,2021-12-20 08:09:36
Chefinho,BR,Android Phone,0,house of secrets,,select,title_results,2021-12-20 08:09:35
Chefinho,BR,Android Phone,0,house of secrets,,add,title_results,2021-12-20 08:08:41
Chefinho,BR,Android Phone,0,house of secrets,,select,title_results,2021-12-20 08:08:40
Chefinho,BR,Android Phone,0,evil genius,Amanda Knox,add,title_results,2021-12-20 08:07:37
Chefinho,BR,Android Phone,0,evil genius,Amanda Knox,select,title_results,2021-12-20 08:07:35
Chefinho,BR,Android Phone,0,evil genius,,add,title_results,2021-12-20 08:07:29
Chefinho,BR,Android Phone,0,evil genius,,select,title_results,2021-12-20 08:07:18
Chefinho,BR,Android Phone,0,evil genius,,add,title_results,2021-12-20 08:07:08
Chefinho,BR,Android Phone,0,evil genius,,select,title_results,2021-12-20 08:07:06
Chefinho,BR,Android Phone,0,evil genius,If Anything Happens I Love You,select,title_results,2021-12-20 08:06:52
Chefinho,BR,Android Phone,0,evil genius,,add,title_results,2021-12-20 08:06:35
Chefinho,BR,Android Phone,0,evil genius,,select,title_results,2021-12-20 08:06:24
Chefinho,BR,Android Phone,0,evil genius,,add,title_results,2021-12-20 08:06:05
Chefinho,BR,Android Phone,0,evil genius,,select,title_results,2021-12-20 08:06:04
Chefinho,BR,Android Phone,0,evil genius,Abducted in Plain Sight,add,title_results,2021-12-20 08:05:58
Chefinho,BR,Android Phone,0,evil genius,Abducted in Plain Sight,select,title_results,2021-12-20 08:05:56
Chefinho,BR,Android Phone,0,evil,,add,title_results,2021-12-20 08:05:05
Chefinho,BR,Android Phone,0,evil,,select,title_results,2021-12-20 08:05:04
Chefinho,BR,Android Phone,0,last days,The Last Days,add,title_results,2021-12-20 08:03:56
Chefinho,BR,Android Phone,0,last days,The Last Days,select,title_results,2021-12-20 08:03:01
Chefinho,BR,Android Phone,0,dear zachary,,select,title_results,2021-12-20 07:48:27
Chefinho,BR,Android Phone,0,dear zachary,Amanda Knox,select,title_results,2021-12-20 07:48:04
Chefinho,BR,Android Phone,0,crime scene,Inside Man,select,title_results,2021-12-20 07:43:04
Chefinho,BR,Android Phone,0,crime scene,,select,title_results,2021-12-20 07:42:16
Chefinho,BR,Android Phone,0,crime scene,Lost Girls,select,title_results,2021-12-20 07:42:01
Chefinho,BR,Android Phone,0,crime scene,The Shallows,select,title_results,2021-12-20 07:41:45
Chefinho,BR,Android Phone,0,crime scene,,select,title_results,2021-12-20 07:41:06
Chefinho,BR,Android Phone,0,crime sce,,select,title_results,2021-12-20 07:40:23
Chefinho,BR,Android Phone,0,crime sce,The Unforgivable,select,title_results,2021-12-20 07:37:55
Chefinho,BR,Android Phone,0,crime sce,Abducted in Plain Sight,select,title_results,2021-12-20 07:36:54
Chefinho,BR,Android Phone,0,crime sce,,select,title_results,2021-12-20 07:36:03
Chefinho,BR,Android Phone,0,crime sce,,select,title_results,2021-12-20 07:35:30
Chefinho,BR,Android Phone,0,evil,,select,title_results,2021-12-20 07:34:44
Chefinho,BR,iPhone,0,clint,Directors: Clint Eastwood,select,suggestion_results,2021-11-27 18:07:42
Chefinho,BR,iPhone,0,the good the bad and the ugly,Sad Hill Unearthed,select,title_results,2021-11-27 18:06:10
Chefinho,BR,iPhone,0,elvira,Elvira I Will Give You My Life but I'm Using It,select,title_results,2021-11-05 15:52:22
Chefinho,BR,iPhone,0,elvira,,select,title_results,2021-11-05 15:52:00
Chefinho,BR,iPhone,0,elvira,The Ballad of Buster Scruggs,select,title_results,2021-11-05 15:51:26
Chefinho,BR,iPhone,0,elvira,The Mask of Zorro,select,title_results,2021-11-05 15:51:03
Chefinho,BR,iPhone,0,elvira,"Elvira, Mistress of the Dark",select,suggestion_results,2021-10-29 00:19:50
Chefinho,BR,iPhone,0,hitke,,select,title_results,2021-10-12 20:34:16
Chefinho,BR,Smart TV,0,os,,play,title_results,2021-09-10 23:11:09
Chefinho,BR,Smart TV,0,os,,select,title_results,2021-09-10 23:11:05
Chefinho,BR,iPhone,0,oscar,,select,title_results,2021-09-10 22:43:57
Chefinho,BR,iPhone,0,apoll,Apollo 13,select,title_results,2021-08-20 00:31:53
Chefinho,BR,iPad,0,tumulo dos vagalumes,My Neighbor Totoro,select,title_results,2021-07-04 15:46:22
Chefinho,BR,Smart TV,0,american hi,American History X,select,suggestion_results,2021-07-03 15:33:42
Chefinho,BR,Smart TV,0,sain,Saint Maud,select,suggestion_results,2021-07-03 15:32:29
Chefinho,BR,Smart TV,0,quo,"Quo vadis, Aida?",select,suggestion_results,2021-07-03 15:31:19
Chefinho,BR,HTML 5,0,american history x,American History X,select,suggestion_results,2021-06-29 15:09:43
Chefinho,BR,HTML 5,0,promising young woman,Promising Young Woman,select,suggestion_results,2021-06-29 14:39:01
Chefinho,BR,HTML 5,0,grave of the fireflies,Grave of the Fireflies,select,suggestion_results,2021-06-29 14:29:26
Chefinho,BR,iPhone,0,the mission,The Mission,select,suggestion_results,2021-06-16 23:09:34
Chefinho,BR,Smart TV,0,sea,Seaspiracy,play,,2021-05-22 16:06:47
Chefinho,BR,Smart TV,0,sea,Seaspiracy,select,,2021-05-22 16:06:43
Chefinho,BR,iPhone,0,sea,Seaspiracy,select,,2021-05-21 00:19:25
Chefinho,BR,iPhone,0,nazi camps,The Innocents,select,,2021-04-11 21:21:18
Chefinho,BR,iPhone,0,nazi camps,Your Son,select,,2021-04-11 21:20:56
Chefinho,BR,iPhone,0,nazi camps,The Resistance Banker,select,,2021-04-11 21:20:21
Chefinho,BR,iPhone,0,nazi camps,Escape from a Nazi Death Camp,select,,2021-04-11 21:20:12
Chefinho,BR,iPhone,0,nazi camps,A Twelve Year Night,select,,2021-04-11 21:07:33
Chefinho,BR,iPhone,0,nazi camps,Riphagen - The Untouchable,select,,2021-04-11 21:06:57
Chefinho,BR,iPhone,0,nazi camps,The Innocents,select,,2021-04-11 19:43:50
Chefinho,BR,iPhone,0,nazi camps,A Twelve Year Night,select,,2021-04-11 19:43:38
Chefinho,BR,iPhone,0,nazi camps,Nazi Concentration Camps,select,,2021-04-11 19:43:18
Chefinho,BR,iPhone,0,wwii,,select,,2021-04-11 19:42:26
Chefinho,BR,iPhone,0,wwii,,select,,2021-04-11 19:41:20
Chefinho,BR,iPhone,0,wwii,,select,,2021-04-11 19:40:57
Chefinho,BR,iPhone,0,wwii,,select,,2021-04-11 19:40:22
Chefinho,BR,iPhone,0,wwii,,select,,2021-04-11 19:40:04
Chefinho,BR,iPhone,0,wwii,The Photographer Of Mauthausen,select,,2021-04-11 19:39:50
Chefinho,BR,Smart TV,0,cabr,Get the Goat,play,,2021-04-01 20:37:40
Chefinho,BR,Smart TV,0,cabr,Get the Goat,play,,2021-04-01 19:17:47
Chefinho,BR,Smart TV,0,cabr,Get the Goat,select,,2021-04-01 19:17:43
Chefinho,BR,iPhone,0,the life of others,We Are Young. We Are Strong.,select,,2021-03-27 23:26:15
Chefinho,BR,HTML 5,0,vaughn,,select,,2021-02-20 19:49:11
Chefinho,BR,iPad,0,gina carano,The Ronda Rousey Story: Through My Father's Eyes,select,,2021-02-20 16:33:39
Chefinho,BR,iPad,0,gina carano,,select,,2021-02-20 16:33:33
Chefinho,BR,iPhone,0,euro,The Dictator,select,,2021-02-10 16:34:52
Chefinho,BR,iPhone,0,leam ne,Sniper: Legacy,select,,2021-02-10 16:31:36
Chefinho,BR,iPhone,0,leam ne,Momentum,select,,2021-02-10 16:31:15
Chefinho,BR,iPhone,0,leam ne,The Witch,select,,2021-02-10 16:30:59
Chefinho,BR,iPhone,0,leam ne,The Decline,select,,2021-02-10 16:30:35
Chefinho,BR,iPhone,0,leam ne,Jack Reacher,select,,2021-02-10 16:30:28
Chefinho,BR,iPhone,0,leam ne,Inside Man,select,,2021-02-10 16:30:07
Chefinho,BR,iPhone,0,leam ne,Third Person,select,,2021-02-10 16:29:51
Chefinho,BR,iPhone,0,leam ne,Run All Night,select,,2021-02-10 16:29:35
Chefinho,BR,iPhone,0,tom cruise,Focus,select,,2021-02-10 16:28:29
Chefinho,BR,iPhone,0,tom cruise,Wanted,select,,2021-02-10 16:28:15
Chefinho,BR,iPhone,0,tom cruise,Focus,select,,2021-02-10 16:27:51
Chefinho,BR,iPhone,0,tom cruise,Jack Ryan: Shadow Recruit,select,,2021-02-10 16:27:27
Chefinho,BR,iPhone,0,tom cruise,Mission: Impossible - Fallout,select,,2021-02-10 16:27:03
Chefinho,BR,iPhone,0,tom cruise,Jack Reacher,select,,2021-02-10 16:26:47
Chefinho,BR,iPhone,0,we are no angels,Wanted,select,,2021-02-08 20:24:31
Chefinho,BR,iPhone,0,rhe white,The White Tiger,add,,2021-02-01 10:01:05
Chefinho,BR,iPhone,0,rhe white,The White Tiger,select,,2021-02-01 10:00:36
Chefinho,BR,iPhone,0,the call,The Call,add,,2021-02-01 10:00:00
Chefinho,BR,iPhone,0,the call,The Call,select,,2021-02-01 09:59:24
Chefinho,BR,iPhone,0,a ghost,The Witch,select,,2021-02-01 09:57:51
Chefinho,BR,iPhone,0,tarantino,,select,,2021-01-27 22:47:37
Chefinho,BR,iPhone,0,malena,Malena,select,,2021-01-27 22:46:03
Chefinho,BR,iPhone,0,malena,MILF,select,,2021-01-27 22:45:29
Chefinho,BR,iPhone,0,vegas,What Happens in Vegas,select,,2021-01-27 22:43:51
Chefinho,BR,iPhone,0,john travolta,The Forger,select,,2021-01-27 22:41:37
Chefinho,BR,iPhone,0,zorro,First Knight,select,,2021-01-27 22:40:37
Chefinho,BR,iPhone,0,zorro,The Mask of Zorro,select,,2021-01-27 22:40:31
Chefinho,BR,iPhone,0,zorro,The Legend of Zorro,select,,2021-01-27 22:40:12
Chefinho,BR,iPad,0,,Ava,select,,2021-01-18 17:35:10
Chefinho,BR,iPad,0,taken,Wanted,select,,2021-01-18 17:34:42
Chefinho,BR,iPad,0,taken,The Expendables 2,select,,2021-01-18 17:34:32
Chefinho,BR,iPad,0,taken,The Bourne Identity,select,,2021-01-18 17:34:15
Chefinho,BR,iPad,0,taken,American Sniper,select,,2021-01-18 17:34:02
Chefinho,BR,iPad,0,taken,Run All Night,select,,2021-01-18 17:33:42
Chefinho,BR,iPad,0,liam neeso,2 Guns,select,,2021-01-18 17:32:50
Chefinho,BR,iPad,0,liam neeso,Murder Mystery,select,,2021-01-18 17:32:34
Chefinho,BR,iPad,0,liam neeso,Fractured,select,,2021-01-18 17:31:45
Chefinho,BR,iPad,0,liam neeso,Unlocked,select,,2021-01-18 17:31:29
Chefinho,BR,iPad,0,liam neeso,Hold the Dark,select,,2021-01-18 17:31:14
Chefinho,BR,iPhone,0,adam sandler,Spanglish,select,,2021-01-07 16:50:19
Chefinho,BR,iPhone,0,michael j fox,The Heartbreak Kid,select,,2021-01-07 16:49:05
Chefinho,BR,iPhone,0,michael j fox,,select,,2021-01-07 16:48:27
Chefinho,BR,iPhone,0,back to the future,Back to the Future Part II,select,,2021-01-07 16:47:55
Chefinho,BR,iPhone,0,fright night,Fright Night,select,,2021-01-06 23:07:18
Chefinho,BR,iPhone,0,fright night,Day of the Dead: Bloodline,select,,2021-01-06 23:06:59
Chefinho,BR,iPad,0,a mula,Escape from Alcatraz,select,,2021-01-03 18:53:03
Chefinho,BR,iPhone,0,fargo,,select,,2021-01-01 11:06:26
Chefinho,BR,iPhone,0,october,,select,,2021-01-01 11:05:56
Chefinho,BR,iPhone,0,due date,Due Date,add,,2021-01-01 11:04:43
Chefinho,BR,iPhone,0,due date,Due Date,select,,2021-01-01 11:04:27
Chefinho,BR,iPhone,0,darkest hour,Darkest Hour,select,,2021-01-01 11:03:29
Chefinho,BR,iPhone,0,september,September,add,,2021-01-01 11:03:02
Chefinho,BR,iPhone,0,september,September,select,,2021-01-01 11:02:43
Chefinho,BR,iPhone,0,project power,Project Power,add,,2021-01-01 11:01:47
Chefinho,BR,iPhone,0,project power,Project Power,select,,2021-01-01 11:01:32
Chefinho,BR,iPhone,0,swiss army man,A Million Ways to Die in the West,add,,2021-01-01 11:01:08
Chefinho,BR,iPhone,0,swiss army man,A Million Ways to Die in the West,select,,2021-01-01 11:01:05
Chefinho,BR,iPhone,0,3:10 to yuma,The Duel,add,,2021-01-01 10:57:13
Chefinho,BR,iPhone,0,3:10 to yuma,The Duel,select,,2021-01-01 10:56:52
Chefinho,BR,iPhone,0,3:10 to yuma,True Grit,add,,2021-01-01 10:56:49
Chefinho,BR,iPhone,0,3:10 to yuma,True Grit,select,,2021-01-01 10:56:40
Chefinho,BR,iPhone,0,3:10 to yuma,True Grit,select,,2021-01-01 10:55:59
Chefinho,BR,iPhone,0,a silent,A Silent Voice,select,,2021-01-01 10:54:01
Chefinho,BR,iPhone,0,you na,Your Name,select,,2021-01-01 10:53:06
Chefinho,BR,iPhone,0,the devil,The Devil All The Time,add,,2021-01-01 10:50:50
Chefinho,BR,iPhone,0,the devil,The Devil All The Time,select,,2021-01-01 10:50:36
Chefinho,BR,iPhone,0,free,Free State of Jones,select,,2021-01-01 10:49:41
Chefinho,BR,iPhone,0,tge trial,The Trial of the Chicago 7,add,,2021-01-01 10:49:14
Chefinho,BR,iPhone,0,tge trial,The Trial of the Chicago 7,select,,2021-01-01 10:48:54
Chefinho,BR,Android Phone,0,oscar,"Peppa Pig: Season 5: ""Potato City / The New House / Basketball / Horsey Twinkle Toes""",play,,2021-01-01 00:30:58
Chefinho,BR,Android Phone,0,oscar,,select,,2021-01-01 00:30:40
Chefinho,BR,Android Phone,0,oscar,,select,,2021-01-01 00:30:14
Chefinho,BR,Smart TV,0,fright night,Fright Night 2,select,,2020-12-22 18:09:31
Chefinho,BR,Smart TV,0,fright night,Fright Night,select,,2020-12-22 18:08:44
Chefinho,BR,Android Phone,0,oscar,,select,,2020-12-19 15:34:52
Chefinho,BR,iPhone,0,winter,Winter on Fire: Ukraine's Fight for Freedom,select,,2020-12-18 08:42:57
Chefinho,BR,iPhone,0,oscar,,select,,2020-12-01 00:00:19
Chefinho,BR,Smart TV,0,os,,play,,2020-11-26 17:09:34
Chefinho,BR,Smart TV,0,os,,select,,2020-11-26 17:09:14
Chefinho,BR,iPhone,0,jupiter,Jupiter Ascending,add,,2020-11-20 19:01:30
Chefinho,BR,iPhone,0,jupiter,Jupiter Ascending,select,,2020-11-20 19:01:21
Chefinho,BR,iPhone,0,glory,Uncertain Glory,select,,2020-11-20 18:58:57
Chefinho,BR,iPhone,0,django,Django Unchained,add,,2020-11-20 18:56:37
Chefinho,BR,iPhone,0,django,Django Unchained,select,,2020-11-20 18:56:32
Chefinho,BR,iPhone,0,stardust,Snow White & the Huntsman,select,,2020-11-20 18:52:54
Chefinho,BR,iPhone,0,the king,The King,add,,2020-11-20 18:52:05
Chefinho,BR,iPhone,0,the king,The King,select,,2020-11-20 18:52:02
Chefinho,BR,iPhone,0,the king,The King,select,,2020-11-20 18:51:51
Chefinho,BR,iPhone,0,the king,,select,,2020-11-20 18:51:46
Chefinho,BR,Smart TV,0,vincent,Loving Vincent,play,,2020-11-15 15:57:30
Chefinho,BR,Smart TV,0,vincent,Loving Vincent,select,,2020-11-15 15:57:26
Chefinho,BR,Smart TV,0,vincent,Vincent,select,,2020-11-15 15:57:24
Chefinho,BR,Smart TV,0,back ,Back to the Future,play,,2020-11-06 18:10:30
Chefinho,BR,Smart TV,0,back ,Back to the Future,select,,2020-11-06 18:10:26
Chefinho,BR,iPhone,0,slow,Slow West,select,,2020-10-20 18:27:29
Chefinho,BR,iPhone,0,uncut gems,Uncut Gems,add,,2020-10-20 18:25:32
Chefinho,BR,iPhone,0,uncut gems,Uncut Gems,select,,2020-10-20 18:25:24
Chefinho,BR,iPhone,0,drive,Drive,select,,2020-10-20 18:23:53
Chefinho,BR,iPhone,0,sadow,,select,,2020-10-20 18:21:05
Chefinho,BR,iPhone,0,the dawn wall,The Dawn Wall,add,,2020-10-20 18:17:49
Chefinho,BR,iPhone,0,the dawn wall,The Dawn Wall,select,,2020-10-20 18:17:42
Chefinho,BR,iPhone,0,croods,The Croods,select,,2020-10-20 18:16:29
Chefinho,BR,iPhone,0,the little,The Little Prince,add,,2020-10-20 18:15:09
Chefinho,BR,iPhone,0,the little,The Little Prince,select,,2020-10-20 18:14:43
Chefinho,BR,iPhone,0,hitler,,select,,2020-10-01 01:22:59
Chefinho,BR,iPhone,0,les miserables,,select,,2020-09-16 16:46:38
Chefinho,BR,iPhone,0,les miserables,Les Misérables in Concert,select,,2020-09-16 16:46:02
Chefinho,BR,iPhone,0,les miserables,Les Misérables in Concert,select,,2020-09-16 16:45:43
Chefinho,BR,iPhone,0,les miserables,,select,,2020-09-16 16:45:28
Chefinho,BR,iPhone,0,lea misérables,,select,,2020-09-16 16:42:06
Chefinho,BR,iPhone,0,3 idiots,3 idiotas,select,,2020-09-09 10:33:22
Chefinho,BR,iPhone,0,hidden life,Third Person,select,,2020-08-22 07:38:32
Chefinho,BR,iPad,0,jane doe,The Autopsy of Jane Doe,select,,2020-08-08 11:03:46
Chefinho,BR,iPhone,0,ballad,The Ballad of Buster Scruggs,add,,2020-07-29 10:13:45
Chefinho,BR,iPhone,0,ballad,The Ballad of Buster Scruggs,select,,2020-07-29 10:13:16
Chefinho,BR,iPad,0,sandra bullock,The Proposal,select,,2020-07-26 10:47:03
Chefinho,BR,iPad,0,sandra bullock,28 Days,select,,2020-07-26 10:46:42
Chefinho,BR,iPad,0,sandra bullock,,select,,2020-07-26 10:46:03
Chefinho,BR,iPad,0,sandra bullock,28 Days,select,,2020-07-26 10:45:42
Chefinho,BR,iPhone,0,john wick,Jack Reacher,select,,2020-06-12 18:08:54
Chefinho,BR,iPhone,0,john wick,The Outsider,select,,2020-06-12 18:08:33
Chefinho,BR,iPhone,0,john wick,John Wick: Chapter 2,select,,2020-06-12 18:08:22
Chefinho,BR,iPhone,0,john wick,John Wick,select,,2020-06-12 18:08:02
Chefinho,BR,Smart TV,0,ita,The Italian Job,play,,2020-05-23 22:24:06
Chefinho,BR,Smart TV,0,ita,The Italian Job,select,,2020-05-23 22:24:02
Chefinho,BR,iPad,0,the italian job,The Italian Job,select,,2020-05-23 11:31:45
Chefinho,BR,iPad,0,sandra bullock ,,select,,2020-05-13 23:15:00
Chefinho,BR,iPhone,0,eichma,Nazi Concentration Camps,select,,2020-05-12 23:38:37
Chefinho,BR,iPhone,0,eichma,The Angel,select,,2020-05-12 23:38:11
Chefinho,BR,iPhone,0,eichma,,select,,2020-05-12 23:37:52
Chefinho,BR,iPhone,0,eichma,The Accountant of Auschwitz,select,,2020-05-12 23:37:36
Chefinho,BR,iPhone,0,eichma,Operation Finale,select,,2020-05-12 23:37:31
Chefinho,BR,iPad,0,wwii,Nazi Concentration Camps,select,,2020-05-08 14:19:35
Chefinho,BR,iPad,0,wwii,,select,,2020-05-08 14:19:04
Chefinho,BR,iPad,0,wwii,,select,,2020-05-08 14:18:49
Chefinho,BR,iPad,0,wwii,,select,,2020-05-08 14:17:11
Chefinho,BR,iPad,0,wwii,,select,,2020-05-08 14:16:22
Chefinho,BR,iPad,0,wwii,War Machine,select,,2020-05-08 14:15:24
Chefinho,BR,iPad,0,wwii,The Accountant of Auschwitz,select,,2020-05-08 14:14:31
Chefinho,BR,iPad,0,churchill,,select,,2020-05-08 14:12:06
Chefinho,BR,iPad,0,churchill,,select,,2020-05-08 14:11:35
Chefinho,BR,iPad,0,ryan,My Honor Was Loyalty,select,,2020-05-08 14:10:27
Chefinho,BR,iPad,0,ryan,Saving Private Ryan,select,,2020-05-08 14:10:10
Chefinho,BR,iPhone,0,apocalypto,"10,000 B.C.",select,,2020-05-07 10:30:34
Chefinho,BR,iPhone,0,1492,,select,,2020-05-07 10:29:33
Chefinho,BR,iPhone,0,1492,1492: Conquest of Paradise,select,,2020-05-07 10:28:40
Chefinho,BR,iPhone,0,i am,I Am Sam,select,,2020-05-07 00:07:50
Chefinho,BR,iPhone,0,sun,,select,,2020-05-06 10:54:31
Chefinho,BR,iPhone,0,sun,,select,,2020-05-06 10:54:18
Chefinho,BR,iPhone,0,sun,Pitch Black,select,,2020-05-06 10:53:39
Chefinho,BR,iPhone,0,sun,Sunshine,select,,2020-05-06 10:52:57
Chefinho,BR,iPhone,0,green ,The Green Mile,select,,2020-05-06 01:35:58
Chefinho,BR,iPhone,0,cell 7,Miracle in Cell No. 7,select,,2020-05-05 19:59:25
Chefinho,BR,iPhone,0,cell 7,Miracle in Cell No. 7,select,,2020-05-05 17:50:57
Chefinho,BR,iPad,0,oscar,,select,,
Chefinho,BR,iPad,0,oscar,,select,,
Chefinho,BR,iPad,0,oscar,,select,,
Chefinho,BR,Smart TV,0,adv,,select,,
Chefinho,BR,Smart TV,0,adv,,select,,
Chefinho,BR,Smart TV,0,adv,How It Ends,select,,
Chefinho,BR,Smart TV,0,adv,,select,,
Chefinho,BR,Smart TV,0,adv,,select,,
Chefinho,BR,Smart TV,0,adv,Helios,select,,
Chefinho,BR,Smart TV,0,adv,The Devil's Advocate,select,,
Chefinho,BR,Smart TV,0,adv,Errementari: The Blacksmith and the Devil,select,,
Chefinho,BR,Smart TV,0,adv,Adventureland,select,,
Chefinho,BR,Smart TV,0,adv,Nothing But Trouble,select,,
Chefinho,BR,Smart TV,0,co,,select,,
Chefinho,BR,Smart TV,0,co,,select,,
Chefinho,BR,Smart TV,0,co,True Memoirs of an International Assassin,select,,
Chefinho,BR,Smart TV,0,co,,select,,
Chefinho,BR,Smart TV,0,co,Coraline,select,,
Chefinho,BR,Smart TV,0,school,,select,,
Chefinho,BR,Smart TV,0,school,The Outcasts,select,,
Chefinho,BR,Smart TV,0,school,17 Again,select,,
Chefinho,BR,Smart TV,0,vin,,select,,
Chefinho,BR,Smart TV,0,vin,Just Go With It,select,,
Chefinho,BR,Smart TV,0,vin,Good Luck Chuck,select,,
Chefinho,BR,Smart TV,0,vin,99 Homes,select,,
Chefinho,BR,Smart TV,0,vin,Get Hard,select,,
Chefinho,BR,Smart TV,0,vin,Unfinished Business,select,,
Chefinho,BR,Android Phone,0,niro,Lost Girls,select,,
Chefinho,BR,Smart TV,0,eu,Eurotrip,select,,
Chefinho,BR,iPad,0,romanov ,,select,,
Chefinho,BR,iPad,0,katyn ,,select,,
Chefinho,BR,iPhone,0,ragna,,select,,
Chefinho,BR,Smart TV,0,eu,Eurotrip,select,,
Chefinho,BR,Smart TV,0,hand,,select,,
Chefinho,BR,Smart TV,0,hand,,select,,
Chefinho,BR,Smart TV,0,hand,,select,,
Chefinho,BR,Smart TV,0,hand,,select,,
Chefinho,BR,Smart TV,0,american,The Babysitter,play,,
Chefinho,BR,Smart TV,0,american,The Babysitter,play,,
Chefinho,BR,Smart TV,0,,,select,,
Chefinho,BR,Smart TV,0,,,select,,
Chefinho,BR,Smart TV,0,,Miss Congeniality 2: Armed and Fabulous,select,,
Chefinho,BR,Smart TV,0,,,select,,
Chefinho,BR,Smart TV,0,sea,,select,,
Chefinho,BR,Smart TV,0,hand,,play,,
Chefinho,BR,Smart TV,0,hand,,play,,
Chefinho,BR,Smart TV,0,foc,Shot,select,,
Chefinho,BR,iPhone,0,mist,,select,,
Chefinho,BR,iPhone,0,requiem,,select,,
Chefinho,BR,Smart TV,0,view,The Ugly Truth,play,,
Chefinho,BR,Smart TV,0,view,Rumor Has It...,play,,
Chefinho,BR,Smart TV,0,view,Lost Girls,play,,
Chefinho,BR,Smart TV,0,view,Into the Storm,play,,
Chefinho,BR,Smart TV,0,view,,play,,
Chefinho,BR,Smart TV,0,view,The Crew,play,,
Chefinho,BR,Smart TV,0,view,Click,play,,
Chefinho,BR,Smart TV,0,view,Cuddle Weather,play,,
Chefinho,BR,Smart TV,0,view,Palm Trees in the Snow,play,,
Chefinho,BR,Smart TV,0,lost,,play,,
Chefinho,BR,Smart TV,0,lost,,play,,
Chefinho,BR,Smart TV,0,lost,Passengers,play,,
Chefinho,BR,Smart TV,0,lost,,play,,
Chefinho,BR,Smart TV,0,lost,,play,,
Chefinho,BR,Smart TV,0,lost,Manchester by the Sea,play,,
Chefinho,BR,Smart TV,0,lost,,play,,
Chefinho,BR,Smart TV,0,lost,,play,,
Chefinho,BR,Smart TV,0,live,Aloha,play,,
Chefinho,BR,Smart TV,0,moon,The Last Man on the Moon,play,,
Chefinho,BR,Smart TV,0,moon,Carol,play,,
Chefinho,BR,Smart TV,0,moon,All The Bright Places,play,,
Chefinho,BR,Smart TV,0,moon,Big Eyes,play,,
Chefinho,BR,Smart TV,0,space,Middle School: The Worst Years of My Life,play,,
Chefinho,BR,Smart TV,0,space,,play,,
Chefinho,BR,Smart TV,0,school,Easy A,play,,
Chefinho,BR,Smart TV,0,school,Eurotrip,play,,
Chefinho,BR,Smart TV,0,school,,play,,
Chefinho,BR,Smart TV,0,school,Identity Thief,play,,
Chefinho,BR,Smart TV,0,school,Tall Girl,play,,
Chefinho,BR,Smart TV,0,strange,,play,,
Chefinho,BR,Smart TV,0,strange,Guilty,play,,
Chefinho,BR,Smart TV,0,strange,Miss Americana,play,,
Chefinho,BR,Smart TV,0,strange,Murder Mystery,play,,
Chefinho,BR,Smart TV,0,strange,The Silence,play,,
Chefinho,BR,Smart TV,0,strange,,play,,
Chefinho,BR,Smart TV,0,house,,play,,
Chefinho,BR,Smart TV,0,house,The Open House,play,,
Chefinho,BR,Smart TV,0,house,Guilty,play,,
Chefinho,BR,Smart TV,0,house,She's Out of My League,play,,
Chefinho,BR,Smart TV,0,house,The Conjuring,play,,
Chefinho,BR,Smart TV,0,house,Gerald's Game,play,,
Chefinho,BR,Smart TV,0,house,Falling Inn Love,play,,
Chefinho,BR,Smart TV,0,house,The Big Short,play,,
Chefinho,BR,Smart TV,0,house,In the Shadow of the Moon,play,,
Chefinho,BR,Smart TV,0,house,The Unborn,play,,
Chefinho,BR,Smart TV,0,house,The Invitation,play,,
Chefinho,BR,Smart TV,0,house,,play,,
Chefinho,BR,Smart TV,0,house,Como Nossos Pais,play,,
Chefinho,BR,Smart TV,0,house,Easy A,play,,
Chefinho,BR,Smart TV,0,house,,play,,
Chefinho,BR,Smart TV,0,house,Earthquake Bird,play,,
Chefinho,BR,Smart TV,0,dark,El Camino: A Breaking Bad Movie,play,,
Chefinho,BR,Smart TV,0,dark,The Darkest Dawn,play,,
Chefinho,BR,Smart TV,0,dark,Horse Girl,play,,
Chefinho,BR,Smart TV,0,dark,The Recall,play,,
Chefinho,BR,Smart TV,0,to,The Money Pit,play,,
Chefinho,BR,Smart TV,0,to,,play,,
Chefinho,BR,Smart TV,0,ton,"Jim & Andy: The Great Beyond - Featuring a Very Special, Contractually Obligated Mention of Tony Clifton",play,,
Chefinho,BR,Smart TV,0,ton,That's My Boy,play,,
Chefinho,BR,Smart TV,0,ton,Executive Decision,play,,
Chefinho,BR,Smart TV,0,adam,Bedtime Stories,play,,
Chefinho,BR,Smart TV,0,adam,Unfinished Business,play,,
Chefinho,BR,Smart TV,0,tara,,select,,
Chefinho,BR,Smart TV,0,tara,,select,,
Chefinho,BR,Smart TV,0,tara,The Big Short,select,,
Chefinho,BR,Smart TV,0,ta,Tall Girl,select,,
Chefinho,BR,Smart TV,0,ho,The Open House,select,,
Chefinho,BR,Smart TV,0,ho,The Influence,select,,
Chefinho,BR,Smart TV,0,ho,Holy Hell,select,,
Chefinho,BR,Smart TV,0,ho,Hot Girls Wanted,select,,
Chefinho,BR,Smart TV,0,ho,The Money Pit,select,,
Chefinho,BR,Smart TV,0,ho,Family Blood,select,,
Chefinho,BR,Smart TV,0,tom,,select,,
Chefinho,BR,Smart TV,0,tom,,select,,
Chefinho,BR,Smart TV,0,tom,Oblivion,select,,
Chefinho,BR,Smart TV,0,tom,Tombstone,select,,
Chefinho,BR,Smart TV,0,war,Exit Wounds,select,,
Chefinho,BR,Smart TV,0,war,Guilty,select,,
Chefinho,BR,Smart TV,0,war,,select,,
Chefinho,BR,Smart TV,0,war,The Debt Collector,select,,
Chefinho,BR,Smart TV,0,war,,select,,
Chefinho,BR,Smart TV,0,war,War Machine,select,,
Chefinho,BR,Smart TV,0,time,Passengers,select,,
Chefinho,BR,Smart TV,0,time,Aloha,select,,
Chefinho,BR,Smart TV,0,mars,Blade Runner: The Final Cut,select,,
Chefinho,BR,Smart TV,0,mars,,select,,
Chefinho,BR,Smart TV,0,niro,,select,,
Chefinho,BR,Smart TV,0,tara,The Big Short,play,,
Chefinho,BR,Smart TV,0,ta,Tall Girl,play,,
Chefinho,BR,Smart TV,0,ho,The Open House,play,,
Chefinho,BR,Smart TV,0,ho,Holy Hell,play,,
Chefinho,BR,Smart TV,0,ho,The Money Pit,play,,
Chefinho,BR,Smart TV,0,ho,Family Blood,play,,
Chefinho,BR,Smart TV,0,tom,Oblivion,play,,
Chefinho,BR,Smart TV,0,war,Guilty,play,,
Chefinho,BR,Smart TV,0,war,The Debt Collector,play,,
Chefinho,BR,Smart TV,0,war,War Machine,play,,
Chefinho,BR,Smart TV,0,time,Passengers,play,,
Chefinho,BR,Smart TV,0,time,Aloha,play,,
Chefinho,BR,Smart TV,0,mars,Blade Runner: The Final Cut,play,,
Chefinho,BR,Smart TV,0,mars,,play,,
Chefinho,BR,Smart TV,0,,,select,,
Chefinho,BR,Smart TV,0,,,select,,
Chefinho,BR,Smart TV,0,,The Bucket List,select,,
Chefinho,BR,Smart TV,0,,The Lost World: Jurassic Park,select,,
Chefinho,BR,Smart TV,0,school,Eurotrip,add,,
Chefinho,BR,Smart TV,0,,Miss Congeniality 2: Armed and Fabulous,play,,
Chefinho,BR,Smart TV,0,,,play,,
Chefinho,BR,Smart TV,0,,The Bucket List,play,,
Chefinho,BR,Smart TV,0,,The Lost World: Jurassic Park,play,,
Chefinho,BR,iPad,0,the mission,The Mission,select,,
Chefinho,BR,iPad,0,the mission,The Mission: Crusade,select,,
Chefinho,BR,iPad,0,the mission,The Last Mission,select,,
Chefinho,BR,iPad,0,wwii,,select,,
Chefinho,BR,iPad,0,wwii,Playing for Time,select,,
Chefinho,BR,iPad,0,wwii,,select,,
Chefinho,BR,iPad,0,wwii,The Accountant of Auschwitz,select,,
Chefinho,BR,iPad,0,wwii,Nazi Concentration Camps,select,,
Chefinho,BR,iPad,0,wwii,"Cinema, Aspirins and Vultures",select,,
Chefinho,BR,iPad,0,wwii,The Accountant of Auschwitz,select,,
Chefinho,BR,iPad,0,wwii,,select,,
Chefinho,BR,iPad,0,wwii,,select,,
Chefinho,BR,iPad,0,wwii,,select,,
Chefinho,BR,iPad,0,wwii,,select,,
Chefinho,BR,iPad,0,wwii,My Honor Was Loyalty,select,,
Chefinho,BR,iPad,0,there will be blood,There Will Be Blood,select,,
Chefinho,BR,iPad,0,there will be blood,The Big Short,select,,
Chefinho,BR,iPad,0,aviation,Aviation Action,select,,
Chefinho,BR,iPad,0,airbus,World's Biggest Airliner: The Airbus A380: The Race to Build,select,,
Chefinho,BR,iPad,0,airbus,,select,,
Chefinho,BR,iPhone,0,camp,,select,,
Chefinho,BR,iPhone,0,pie,Unlocked,select,,
Chefinho,BR,iPhone,0,pie,,select,,
Chefinho,BR,iPhone,0,pie,Our Souls at Night,select,,
Chefinho,BR,iPhone,0,pie,Aloha,select,,
Chefinho,BR,iPhone,0,pie,Anon,select,,
Chefinho,BR,iPhone,0,pie,The Italian Job,select,,
Chefinho,BR,iPhone,0,1492,1492: Conquest of Paradise,select,,
Chefinho,BR,Smart TV,0,school,Click,play,,
Chefinho,BR,Smart TV,0,school,6 Underground,play,,
Chefinho,BR,Smart TV,0,vegas,The Bucket List,play,,
Chefinho,BR,Smart TV,0,vegas,The Ugly Truth,play,,
Chefinho,BR,Smart TV,0,vegas,The Big Short,play,,
Chefinho,BR,Smart TV,0,vegas,She's Out of My League,play,,
Chefinho,BR,Smart TV,0,vegas,The Sweetest Thing,play,,
Chefinho,BR,Smart TV,0,eu,Eurotrip,play,,
Chefinho,BR,iPhone,0,vietnam,Furie,select,,
Chefinho,BR,iPhone,0,vietnam,Thi Mai,select,,
Chefinho,BR,iPhone,0,vietnam,,select,,
Chefinho,BR,iPhone,0,stalin,The Death of Stalin,select,,
Chefinho,BR,iPhone,0,stalin,The Death of Stalin,select,,
Chefinho,BR,iPhone,0,outbre,,select,,
Chefinho,BR,iPhone,0,outbre,Outbreak,select,,
Chefinho,BR,iPhone,0,fugitive,Eye for an Eye,select,,
Chefinho,BR,Smart TV,0,school,,select,,
Chefinho,BR,Smart TV,0,school,Click,select,,
Chefinho,BR,Smart TV,0,school,Click,select,,
Chefinho,BR,Smart TV,0,school,6 Underground,select,,
Chefinho,BR,Smart TV,0,vegas,The Bucket List,select,,
Chefinho,BR,Smart TV,0,vegas,The Ugly Truth,select,,
Chefinho,BR,Smart TV,0,vegas,The Big Short,select,,
Chefinho,BR,Smart TV,0,vegas,She's Out of My League,select,,
Chefinho,BR,Smart TV,0,vegas,The Sweetest Thing,select,,
Chefinho,BR,Smart TV,0,view,The Ugly Truth,select,,
Chefinho,BR,Smart TV,0,view,Rumor Has It...,select,,
Chefinho,BR,Smart TV,0,view,Lost Girls,select,,
Chefinho,BR,Smart TV,0,view,Into the Storm,select,,
Chefinho,BR,Smart TV,0,view,,select,,
Chefinho,BR,Smart TV,0,view,The Crew,select,,
Chefinho,BR,Smart TV,0,view,Click,select,,
Chefinho,BR,Smart TV,0,view,Cuddle Weather,select,,
Chefinho,BR,Smart TV,0,view,Palm Trees in the Snow,select,,
Chefinho,BR,Smart TV,0,lost,,select,,
Chefinho,BR,Smart TV,0,lost,,select,,
Chefinho,BR,Smart TV,0,lost,Passengers,select,,
Chefinho,BR,Smart TV,0,lost,,select,,
Chefinho,BR,Smart TV,0,lost,,select,,
Chefinho,BR,Smart TV,0,lost,Lost in Translation,select,,
Chefinho,BR,Smart TV,0,lost,Manchester by the Sea,select,,
Chefinho,BR,Smart TV,0,lost,Lost and Found,select,,
Chefinho,BR,Smart TV,0,lost,,select,,
Chefinho,BR,Smart TV,0,lost,,select,,
Chefinho,BR,Smart TV,0,lost,,select,,
Chefinho,BR,Smart TV,0,live,Aloha,select,,
Chefinho,BR,Smart TV,0,moon,The Last Man on the Moon,select,,
Chefinho,BR,Smart TV,0,moon,Carol,select,,
Chefinho,BR,Smart TV,0,moon,All The Bright Places,select,,
Chefinho,BR,Smart TV,0,moon,Big Eyes,select,,
Chefinho,BR,Smart TV,0,space,Middle School: The Worst Years of My Life,select,,
Chefinho,BR,Smart TV,0,space,,select,,
Chefinho,BR,Smart TV,0,school,Easy A,select,,
Chefinho,BR,Smart TV,0,school,Eurotrip,select,,
Chefinho,BR,Smart TV,0,school,,select,,
Chefinho,BR,Smart TV,0,school,Identity Thief,select,,
Chefinho,BR,Smart TV,0,school,Tall Girl,select,,
Chefinho,BR,Smart TV,0,strange,,select,,
Chefinho,BR,Smart TV,0,strange,Guilty,select,,
Chefinho,BR,Smart TV,0,strange,,select,,
Chefinho,BR,Smart TV,0,strange,Miss Americana,select,,
Chefinho,BR,Smart TV,0,strange,,select,,
Chefinho,BR,Smart TV,0,strange,,select,,
Chefinho,BR,Smart TV,0,strange,,select,,
Chefinho,BR,Smart TV,0,strange,,select,,
Chefinho,BR,Smart TV,0,strange,,select,,
Chefinho,BR,Smart TV,0,strange,,select,,
Chefinho,BR,Smart TV,0,strange,,select,,
Chefinho,BR,Smart TV,0,strange,,select,,
Chefinho,BR,Smart TV,0,strange,,select,,
Chefinho,BR,Smart TV,0,strange,Murder Mystery,select,,
Chefinho,BR,Smart TV,0,strange,,select,,
Chefinho,BR,Smart TV,0,strange,The Silence,select,,
Chefinho,BR,Smart TV,0,strange,The Perfect Date,select,,
Chefinho,BR,Smart TV,0,strange,,select,,
Chefinho,BR,Smart TV,0,strange,Strangers,select,,
Chefinho,BR,Smart TV,0,strange,,select,,
Chefinho,BR,Smart TV,0,house,,select,,
Chefinho,BR,Smart TV,0,house,The Open House,select,,
Chefinho,BR,Smart TV,0,house,Guilty,select,,
Chefinho,BR,Smart TV,0,house,She's Out of My League,select,,
Chefinho,BR,Smart TV,0,house,The Conjuring,select,,
Chefinho,BR,Smart TV,0,house,,select,,
Chefinho,BR,Smart TV,0,house,,select,,
Chefinho,BR,Smart TV,0,house,,select,,
Chefinho,BR,Smart TV,0,house,Gerald's Game,select,,
Chefinho,BR,Smart TV,0,house,,select,,
Chefinho,BR,Smart TV,0,house,Falling Inn Love,select,,
Chefinho,BR,Smart TV,0,house,The Big Short,select,,
Chefinho,BR,Smart TV,0,house,In the Shadow of the Moon,select,,
Chefinho,BR,Smart TV,0,house,,select,,
Chefinho,BR,Smart TV,0,house,The Unborn,select,,
Chefinho,BR,Smart TV,0,house,The Invitation,select,,
Chefinho,BR,Smart TV,0,house,,select,,
Chefinho,BR,Smart TV,0,house,Como Nossos Pais,select,,
Chefinho,BR,Smart TV,0,house,Easy A,select,,
Chefinho,BR,Smart TV,0,house,,select,,
Chefinho,BR,Smart TV,0,house,,select,,
Chefinho,BR,Smart TV,0,house,,select,,
Chefinho,BR,Smart TV,0,house,Earthquake Bird,select,,
Chefinho,BR,Smart TV,0,house,,select,,
Chefinho,BR,Smart TV,0,dark,,select,,
Chefinho,BR,Smart TV,0,dark,,select,,
Chefinho,BR,Smart TV,0,dark,El Camino: A Breaking Bad Movie,select,,
Chefinho,BR,Smart TV,0,dark,The Darkest Dawn,select,,
Chefinho,BR,Smart TV,0,dark,Horse Girl,select,,
Chefinho,BR,Smart TV,0,dark,The Recall,select,,
Chefinho,BR,Smart TV,0,to,The Money Pit,select,,
Chefinho,BR,Smart TV,0,to,,select,,
Chefinho,BR,Smart TV,0,to,,select,,
Chefinho,BR,Smart TV,0,ton,"Jim & Andy: The Great Beyond - Featuring a Very Special, Contractually Obligated Mention of Tony Clifton",select,,
Chefinho,BR,Smart TV,0,ton,That's My Boy,select,,
Chefinho,BR,Smart TV,0,ton,Executive Decision,select,,
Chefinho,BR,Smart TV,0,adam,Bedtime Stories,select,,
Chefinho,BR,Smart TV,0,adam,Unfinished Business,select,,
Chefinho,BR,iPad,0,the choice,The Choice,select,,
Chefinho,BR,iPhone,0,mist,,add,,
Chefinho,BR,Smart TV,0,,Miracle in Cell No. 7,play,,
Chefinho,BR,Smart TV,0,school,Step Sisters,play,,
Chefinho,BR,Smart TV,0,school,,play,,
Chefinho,BR,Smart TV,0,school,Rip Tide,play,,
Chefinho,BR,Smart TV,0,school,,play,,
Chefinho,BR,Smart TV,0,trip,Murder Mystery,play,,
Chefinho,BR,Smart TV,0,trip,Broken City,play,,
Chefinho,BR,Smart TV,0,trip,The Decline,play,,
Chefinho,BR,Smart TV,0,trip,Executive Decision,play,,
Chefinho,BR,Smart TV,0,adv,How It Ends,play,,
Chefinho,BR,Smart TV,0,adv,Helios,play,,
Chefinho,BR,Smart TV,0,adv,Errementari: The Blacksmith and the Devil,play,,
Chefinho,BR,Smart TV,0,adv,Nothing But Trouble,play,,
Chefinho,BR,Smart TV,0,co,True Memoirs of an International Assassin,play,,
Chefinho,BR,Smart TV,0,school,The Outcasts,play,,
Chefinho,BR,Smart TV,0,school,17 Again,play,,
Chefinho,BR,Smart TV,0,vin,Just Go With It,play,,
Chefinho,BR,Smart TV,0,vin,Good Luck Chuck,play,,
Chefinho,BR,Smart TV,0,vin,99 Homes,play,,
Chefinho,BR,Smart TV,0,vin,Get Hard,play,,
Chefinho,BR,Smart TV,0,vin,Unfinished Business,play,,
Chefinho,BR,Smart TV,0,,Miracle in Cell No. 7,select,,
Chefinho,BR,Smart TV,0,school,School Life,select,,
Chefinho,BR,Smart TV,0,school,Step Sisters,select,,
Chefinho,BR,Smart TV,0,school,,select,,
Chefinho,BR,Smart TV,0,school,Rip Tide,select,,
Chefinho,BR,Smart TV,0,school,,select,,
Chefinho,BR,Smart TV,0,school,,select,,
Chefinho,BR,Smart TV,0,trip,Murder Mystery,select,,
Chefinho,BR,Smart TV,0,trip,Broken City,select,,
Chefinho,BR,Smart TV,0,trip,The Decline,select,,
Chefinho,BR,Smart TV,0,trip,Executive Decision,select,,
Chefinho,BR,Smart TV,0,american,American Pie,select,,
Chefinho,BR,Smart TV,0,american,The Babysitter,select,,
Chefinho,BR,Smart TV,0,american,American Pie Presents: The Naked Mile,select,,
Chefinho,BR,Smart TV,0,american,The Babysitter,select,,
Chefinho,BR,iPhone,0,road trip,Road Trip,select,,
Chefinho,BR,Smart TV,0,eu,Eurotrip,play,,
Lourenço,NL,iPhone,0,f,"Formula 1: Drive to Survive: Season 1: ""All to Play For""",play,title_results,2022-08-31 20:39:12
Lourenço,NL,iPhone,0,f,,select,title_results,2022-08-31 20:38:57
Lourenço,NL,iPad,0,,"Workin' Moms: Season 6: ""Kate Fosters""",play,prequery_results,2022-08-30 11:53:55
Lourenço,NL,iPad,0,,"Workin' Moms: Season 6: ""Kate Fosters""",play,prequery_results,2022-08-29 11:59:45
Lourenço,NL,iPad,0,,,select,prequery_results,2022-08-29 11:59:42
Lourenço,NL,iPad,0,pregnant,The Blue Lagoon,play,title_results,2022-08-23 15:01:25
Lourenço,NL,iPad,0,pregnant,The Blue Lagoon,select,title_results,2022-08-22 17:10:23
Lourenço,NL,iPad,0,pregnant,Life as We Know It,select,title_results,2022-08-22 17:10:12
Lourenço,NL,iPad,0,pregnant,Look Both Ways,play,title_results,2022-08-22 16:17:40
Lourenço,NL,iPad,0,pregnant,Look Both Ways,select,title_results,2022-08-22 16:17:37
Lourenço,NL,Smart TV,0,what t,Just Go With It,play,suggestion_results,2022-08-17 17:17:07
Lourenço,NL,Smart TV,0,what t,Just Go With It,select,suggestion_results,2022-08-17 17:17:03
Lourenço,NL,Smart TV,0,what t,What to Expect When You're Expecting,select,suggestion_results,2022-08-17 17:16:54
Lourenço,NL,Smart TV,0,what t,What to Expect When You're Expecting,select,suggestion_results,2022-08-17 17:16:54
Lourenço,NL,Smart TV,0,stalin,The Long Road to War,play,title_results,2022-08-05 14:04:23
Lourenço,NL,Smart TV,0,stalin,The Long Road to War,play,title_results,2022-08-05 14:04:23
Lourenço,NL,Smart TV,0,stalin,The Long Road to War,select,title_results,2022-08-05 14:04:16
Lourenço,NL,Smart TV,0,stalin,The Long Road to War,select,title_results,2022-08-05 14:04:16
Lourenço,NL,Smart TV,0,,Rough Night,play,prequery_results,2022-08-03 14:48:46
Lourenço,NL,Smart TV,0,,Rough Night,select,prequery_results,2022-08-03 14:48:43
Lourenço,NL,Smart TV,0,lor,The Lord of the Rings,select,suggestion_results,2022-07-10 16:46:35
Lourenço,NL,Smart TV,0,lor,The Lord of the Rings,select,suggestion_results,2022-07-10 16:46:35
Lourenço,NL,Smart TV,0,goo,,play,title_results,2022-06-22 15:15:42
Lourenço,NL,Smart TV,0,goo,,select,title_results,2022-06-22 15:15:38
Lourenço,NL,Smart TV,0,t,Top Gun,select,suggestion_results,2022-05-26 19:23:37
Lourenço,NL,Smart TV,0,good p,,play,title_results,2022-05-18 19:38:24
Lourenço,NL,Smart TV,0,good p,,select,title_results,2022-05-18 19:38:21
Lourenço,NL,iPhone,0,mid night ,"Midnight Asia: Eat · Dance · Dream: Season 1: ""Mumbai, India""",play,title_results,2022-03-24 21:35:59
Lourenço,NL,iPhone,0,mid night ,,select,title_results,2022-03-24 21:35:40
Lourenço,NL,iPhone,0,tone,The Bombardment,add,title_results,2022-03-18 17:20:04
Lourenço,NL,iPhone,0,tone,The Bombardment,select,title_results,2022-03-18 17:19:55
Lourenço,NL,iPhone,0,tone,,add,title_results,2022-03-18 17:19:44
Lourenço,NL,iPhone,0,tone,,select,title_results,2022-03-18 17:19:41
Lourenço,NL,iPhone,0,tone,,select,title_results,2022-03-18 17:19:08
Lourenço,NL,iPhone,0,whin,Whindersson Nunes: My Own Show!,select,title_results,2022-03-08 10:58:56
Lourenço,NL,iPhone,0,whin,Whindersson Nunes: My Own Show!,play,title_results,2022-03-07 19:09:08
Lourenço,NL,iPhone,0,whin,Whindersson Nunes: My Own Show!,select,title_results,2022-03-07 19:08:51
Lourenço,NL,Smart TV,0,man of,Man of Steel,play,title_results,2022-02-17 14:46:02
Lourenço,NL,Smart TV,0,man of,Man of Steel,select,title_results,2022-02-17 14:45:58
Lourenço,NL,iPhone,0,fright night,Fright Night,select,suggestion_results,2022-02-13 15:30:48
Lourenço,NL,iPhone,0,a hora do espanto,Fright Night,select,suggestion_results,2022-02-13 15:29:55
Lourenço,NL,Smart TV,0,alife,Life as We Know It,play,title_results,2022-01-29 20:02:23
Lourenço,NL,Smart TV,0,alife,Life as We Know It,select,title_results,2022-01-29 20:02:19
Lourenço,NL,Smart TV,0,f,Friends,select,suggestion_results,2022-01-25 18:18:03
Lourenço,NL,Smart TV,0,dutc,Mannenharten 2,play,suggestion_results,2022-01-23 17:48:49
Lourenço,NL,Smart TV,0,dutc,Mannenharten 2,select,suggestion_results,2022-01-23 17:48:46
Lourenço,NL,Smart TV,0,dutc,,select,suggestion_results,2022-01-23 17:47:51
Lourenço,NL,iPhone,0,whin,Whindersson Nunes: Adult,play,title_results,2022-01-21 08:24:37
Lourenço,NL,iPhone,0,whin,Whindersson Nunes: Adult,select,title_results,2022-01-21 08:24:30
Lourenço,NL,Smart TV,0,kath,,select,suggestion_results,2022-01-20 17:51:27
Lourenço,NL,Smart TV,0,kath,,play,suggestion_results,2022-01-19 19:32:47
Lourenço,NL,Smart TV,0,kath,,select,suggestion_results,2022-01-19 19:32:43
Lourenço,NL,Smart TV,0,kath,Katherine Ryan: In Trouble,play,suggestion_results,2022-01-19 18:25:49
Lourenço,NL,Smart TV,0,kath,Katherine Ryan: In Trouble,select,suggestion_results,2022-01-19 18:25:47
Lourenço,NL,Smart TV,0,kath,,select,suggestion_results,2022-01-19 18:25:37
Lourenço,NL,Smart TV,0,witc,Making The Witcher: Season 2,play,suggestion_results,2022-01-17 17:48:37
Lourenço,NL,Smart TV,0,witc,Making The Witcher: Season 2,select,suggestion_results,2022-01-17 17:48:33
Lourenço,NL,Smart TV,0,witc,Making The Witcher,play,suggestion_results,2022-01-17 17:47:32
Lourenço,NL,Smart TV,0,witc,Making The Witcher,select,suggestion_results,2022-01-17 17:47:29
Lourenço,NL,Smart TV,0,witc,,select,suggestion_results,2022-01-17 17:46:40
Lourenço,NL,Smart TV,0,wit,Making The Witcher,play,title_results,2022-01-17 12:41:53
Lourenço,NL,Smart TV,0,wit,Making The Witcher,select,title_results,2022-01-17 12:41:50
Lourenço,NL,Smart TV,0,wit,,play,title_results,2022-01-17 11:56:36
Lourenço,NL,Smart TV,0,wit,,select,title_results,2022-01-17 11:56:33
Lourenço,NL,iPhone,0,fright night,The Exorcism of Emily Rose,select,suggestion_results,2022-01-15 17:44:19
Lourenço,NL,iPhone,0,fright night,Fright Night,select,suggestion_results,2022-01-15 17:43:59
Lourenço,NL,iPhone,0,fright ,Fright,select,title_results,2022-01-15 17:43:28
Lourenço,NL,Smart TV,0,qu,,play,title_results,2022-01-13 18:19:12
Lourenço,NL,Smart TV,0,qu,,select,title_results,2022-01-13 18:19:08
Lourenço,NL,Smart TV,0,mumm,Shrek,play,suggestion_results,2021-12-20 19:32:45
Lourenço,NL,Smart TV,0,mumm,Shrek,select,suggestion_results,2021-12-20 19:32:41
Lourenço,NL,Smart TV,0,mumm,The Mummy,select,suggestion_results,2021-12-20 19:31:47
Lourenço,NL,Smart TV,0,fame,Fame,select,suggestion_results,2021-12-10 17:57:48
Lourenço,NL,Smart TV,0,amo,,play,title_results,2021-11-06 11:43:33
Lourenço,NL,Smart TV,0,amo,,select,title_results,2021-11-06 11:43:26
Lourenço,NL,Smart TV,0,chapol,,select,suggestion_results,2021-11-06 11:41:17
Lourenço,NL,Smart TV,0,chapol,,select,suggestion_results,2021-11-06 11:41:07
Lourenço,NL,Smart TV,0,bridget,Eat Pray Love,play,suggestion_results,2021-10-08 15:57:01
Lourenço,NL,Smart TV,0,bridget,Eat Pray Love,play,suggestion_results,2021-10-07 19:50:15
Lourenço,NL,Smart TV,0,bridget,Eat Pray Love,select,suggestion_results,2021-10-07 19:50:12
Lourenço,NL,Smart TV,0,bridget,Bridget,select,suggestion_results,2021-10-07 19:50:02
Lourenço,NL,Smart TV,0,top,Top Gun,add,title_results,2021-08-02 20:41:35
Lourenço,NL,Smart TV,0,top,Top Gun,play,title_results,2021-08-02 20:41:31
Lourenço,NL,Smart TV,0,top,Top Gun,select,title_results,2021-08-02 20:41:28
Lourenço,NL,Smart TV,0,harr,Harry Potter and the Sorcerer's Stone,select,suggestion_results,2021-07-29 14:22:06
Lourenço,NL,Smart TV,0,lo,The Lord of the Rings: The Fellowship of the Ring,play,title_results,2021-07-18 20:08:08
Lourenço,NL,Smart TV,0,lo,The Lord of the Rings: The Fellowship of the Ring,select,title_results,2021-07-18 20:08:05
Lourenço,NL,Smart TV,0,allee,Alleen Maar Nette Mensen,select,suggestion_results,2021-07-16 16:08:52
Lourenço,NL,Smart TV,0,poke,,select,suggestion_results,2021-06-28 17:36:28
Lourenço,NL,Smart TV,0,bo,,play,title_results,2021-06-21 15:49:24
Lourenço,NL,Smart TV,0,bo,,select,title_results,2021-06-21 15:49:21
Lourenço,NL,Smart TV,0,mean girl,Mean Girls,play,,2021-05-01 19:32:01
Lourenço,NL,Smart TV,0,mean girl,Mean Girls,select,,2021-05-01 19:31:52
Lourenço,NL,Smart TV,0,briget,Bridget Jones: The Edge of Reason,select,,2021-05-01 19:30:03
Lourenço,NL,Smart TV,0,briget,Bridget Jones: The Edge of Reason,select,,2021-05-01 19:29:47
Lourenço,NL,Smart TV,0,br,Bridget Jones's Diary,play,,2021-05-01 19:29:11
Lourenço,NL,Smart TV,0,br,Bridget Jones's Diary,select,,2021-05-01 19:29:04
Lourenço,NL,Smart TV,0,y,Annihilation,play,,2021-05-01 19:23:42
Lourenço,NL,Smart TV,0,y,Annihilation,select,,2021-05-01 19:23:39
Lourenço,NL,Smart TV,0,y,YES DAY,play,,2021-05-01 17:58:37
Lourenço,NL,Smart TV,0,y,YES DAY,select,,2021-05-01 17:58:33
Lourenço,NL,Smart TV,0,dut,Mannenharten 2,select,,2021-04-23 18:44:38
Lourenço,NL,Smart TV,0,dut,Quarter Live,select,,2021-04-23 18:44:25
Lourenço,NL,Smart TV,0,dut,Hartenstrijd,select,,2021-04-23 18:44:04
Lourenço,NL,Smart TV,0,dut,De Belofte van Pisa,select,,2021-04-23 18:43:11
Lourenço,NL,Smart TV,0,dut,Hartenstraat (Heart Street),select,,2021-04-23 17:45:23
Lourenço,NL,Smart TV,0,dut,Hartenstraat (Heart Street),select,,2021-04-23 16:18:28
Lourenço,NL,Smart TV,0,dut,,select,,2021-04-23 16:17:33
Lourenço,NL,Smart TV,0,cab,Get the Goat,play,,2021-03-29 07:48:06
Lourenço,NL,Smart TV,0,cab,Get the Goat,select,,2021-03-29 07:48:03
Lourenço,NL,iPhone,0,cabr,Get the Goat,play,,2021-03-28 22:18:19
Lourenço,NL,iPhone,0,cabr,Get the Goat,select,,2021-03-28 22:18:17
Lourenço,NL,Smart TV,0,cab,Get the Goat,play,,2021-03-27 21:52:48
Lourenço,NL,Smart TV,0,cab,Get the Goat,select,,2021-03-27 21:52:45
Lourenço,NL,iPhone,0,cabra,Get the Goat,play,,2021-03-26 22:23:30
Lourenço,NL,iPhone,0,cabra,Get the Goat,select,,2021-03-26 22:19:47
Lourenço,NL,Smart TV,0,gran,True Grit,add,,2021-02-27 11:54:53
Lourenço,NL,Smart TV,0,gran,True Grit,play,,2021-02-27 11:54:47
Lourenço,NL,Smart TV,0,gran,True Grit,select,,2021-02-27 11:54:43
Lourenço,NL,Smart TV,0,gran,Gran Torino,select,,2021-02-27 11:54:07
Lourenço,NL,iPhone,0,harold and kumar,Harold & Kumar Go to White Castle,select,,2021-02-24 21:26:26
Lourenço,NL,Smart TV,0,love a,Notting Hill,play,,2021-02-22 15:11:34
Lourenço,NL,Smart TV,0,love a,Notting Hill,select,,2021-02-22 15:11:27
Lourenço,NL,Smart TV,0,love a,Love Actually,select,,2021-02-22 15:11:20
Lourenço,NL,Smart TV,0,soo,Brasserie Valentine,play,,2021-02-22 13:36:36
Lourenço,NL,Smart TV,0,soo,Brasserie Valentine,select,,2021-02-22 13:36:33
Lourenço,NL,Smart TV,0,soo,Soof 2,play,,2021-02-22 11:58:08
Lourenço,NL,Smart TV,0,soo,Soof 2,select,,2021-02-22 11:58:05
Lourenço,NL,Smart TV,0,dutc,Zwaar Verliefd!,play,,2021-02-20 22:08:33
Lourenço,NL,Smart TV,0,dutc,Zwaar Verliefd!,select,,2021-02-20 22:08:28
Lourenço,NL,Smart TV,0,dutc,Smoorverliefd,play,,2021-02-20 22:06:23
Lourenço,NL,Smart TV,0,dutc,Smoorverliefd,select,,2021-02-20 22:06:20
Lourenço,NL,Smart TV,0,dutc,,select,,2021-02-20 22:05:23
Lourenço,NL,Smart TV,0,mat,The Matrix Revolutions,play,,2021-02-20 21:00:19
Lourenço,NL,Smart TV,0,mat,The Matrix Revolutions,select,,2021-02-20 21:00:15
Lourenço,NL,Smart TV,0,mat,The Matrix,play,,2021-02-12 17:57:33
Lourenço,NL,Smart TV,0,mat,The Matrix,select,,2021-02-12 17:57:29
Lourenço,NL,Smart TV,0,mat,The Matrix,play,,2021-02-12 17:57:23
Lourenço,NL,Smart TV,0,mat,The Matrix,select,,2021-02-12 17:57:18
Lourenço,NL,Smart TV,0,lor,Inglourious Basterds,play,,2021-01-27 20:58:24
Lourenço,NL,Smart TV,0,lor,Inglourious Basterds,select,,2021-01-27 20:58:20
Lourenço,NL,Smart TV,0,lor,The Lord of the Rings,select,,2021-01-27 20:57:45
Lourenço,NL,Smart TV,0,fr,,play,,2021-01-21 10:31:32
Lourenço,NL,Smart TV,0,fr,,play,,2021-01-21 10:31:23
Lourenço,NL,Smart TV,0,fr,,select,,2021-01-21 10:31:20
Lourenço,NL,Smart TV,0,dut,Jackie,play,,2021-01-11 15:47:39
Lourenço,NL,Smart TV,0,dut,Jackie,select,,2021-01-11 15:47:36
Lourenço,NL,Smart TV,0,dut,,select,,2021-01-11 15:46:59
Lourenço,NL,Smart TV,0,dut,Weg van Jou,play,,2021-01-08 19:52:48
Lourenço,NL,Smart TV,0,dut,Weg van Jou,select,,2021-01-08 19:52:46
Lourenço,NL,Smart TV,0,dut,Quarter Live,play,,2021-01-08 19:52:43
Lourenço,NL,Smart TV,0,dut,Quarter Live,select,,2021-01-08 19:52:40
Lourenço,NL,Smart TV,0,dut,,select,,2021-01-08 19:51:51
Lourenço,NL,Smart TV,0,007,Kung Fu Hustle,play,,2021-01-08 10:17:19
Lourenço,NL,Smart TV,0,007,Kung Fu Hustle,select,,2021-01-08 10:17:17
Lourenço,NL,Smart TV,0,new,,play,,2020-12-30 08:45:53
Lourenço,NL,Smart TV,0,new,,select,,2020-12-30 08:45:50
Lourenço,NL,Smart TV,0,new,,play,,2020-12-30 08:45:19
Lourenço,NL,Smart TV,0,new,,select,,2020-12-30 08:45:16
Lourenço,NL,Smart TV,0,new,,play,,2020-12-30 08:44:57
Lourenço,NL,Smart TV,0,new,,select,,2020-12-30 08:44:55
Lourenço,NL,Smart TV,0,new,,select,,2020-12-30 08:44:33
Lourenço,NL,Smart TV,0,kuma,Harold & Kumar Go to White Castle,select,,2020-12-26 22:15:41
Lourenço,NL,Smart TV,0,lov,How the Grinch Stole Christmas,play,,2020-12-24 21:38:27
Lourenço,NL,Smart TV,0,lov,How the Grinch Stole Christmas,select,,2020-12-24 21:38:24
Lourenço,NL,Smart TV,0,lov,Love Actually,select,,2020-12-24 21:37:30
Lourenço,NL,Smart TV,0,sabr,,play,,2020-12-17 09:40:05
Lourenço,NL,Smart TV,0,sabr,,select,,2020-12-17 09:40:01
Lourenço,NL,Smart TV,0,eno,Enola Holmes,play,,2020-12-11 17:39:09
Lourenço,NL,Smart TV,0,eno,Enola Holmes,select,,2020-12-11 17:39:05
Lourenço,NL,Smart TV,0,w,Midway,add,,2020-12-11 12:55:24
Lourenço,NL,Smart TV,0,w,Midway,play,,2020-12-11 12:55:14
Lourenço,NL,Smart TV,0,w,Midway,select,,2020-12-11 12:55:10
Lourenço,NL,Smart TV,0,w,,play,,2020-12-11 08:46:31
Lourenço,NL,Smart TV,0,w,,select,,2020-12-11 08:46:27
Lourenço,NL,Smart TV,0,hi,Hillbilly Elegy,play,,2020-12-05 21:33:42
Lourenço,NL,Smart TV,0,hi,Hillbilly Elegy,select,,2020-12-05 21:33:39
Lourenço,NL,Smart TV,0,hi,Hillbilly Elegy,play,,2020-12-05 21:32:56
Lourenço,NL,Smart TV,0,hi,Hillbilly Elegy,select,,2020-12-05 21:32:53
Lourenço,NL,Smart TV,0,hi,Hillbilly,select,,2020-12-05 21:32:52
Lourenço,NL,Smart TV,0,ha,Harry Potter and the Chamber of Secrets,select,,2020-11-29 15:51:35
Lourenço,NL,Smart TV,0,nac,Nacho Libre,select,,2020-11-25 20:33:55
Lourenço,NL,Smart TV,0,dutch,De Marathon,play,,2020-11-20 20:17:06
Lourenço,NL,Smart TV,0,dutch,De Marathon,select,,2020-11-20 20:17:03
Lourenço,NL,Smart TV,0,dutch,,select,,2020-11-20 20:16:15
Lourenço,NL,Smart TV,0,dutch,Quarter Live,play,,2020-11-20 20:16:08
Lourenço,NL,Smart TV,0,dutch,Quarter Live,select,,2020-11-20 20:16:05
Lourenço,NL,Smart TV,0,dutch,Clean Hands,play,,2020-11-20 20:15:52
Lourenço,NL,Smart TV,0,dutch,Clean Hands,select,,2020-11-20 20:15:49
Lourenço,NL,Smart TV,0,dutch,First Kiss,play,,2020-11-20 20:15:42
Lourenço,NL,Smart TV,0,dutch,First Kiss,select,,2020-11-20 20:15:39
Lourenço,NL,Smart TV,0,dutch,,select,,2020-11-20 20:15:38
Lourenço,NL,Smart TV,0,brazil,,select,,2020-11-20 20:12:28
Lourenço,NL,Smart TV,0,dutc,Loving Ibiza,play,,2020-11-20 18:14:13
Lourenço,NL,Smart TV,0,dutc,Loving Ibiza,select,,2020-11-20 18:14:10
Lourenço,NL,Smart TV,0,dutc,Rokjesdag,play,,2020-11-20 18:13:52
Lourenço,NL,Smart TV,0,dutc,Rokjesdag,select,,2020-11-20 18:13:50
Lourenço,NL,Smart TV,0,dutc,Home is Where your Heart is,play,,2020-11-20 18:13:38
Lourenço,NL,Smart TV,0,dutc,Home is Where your Heart is,select,,2020-11-20 18:13:35
Lourenço,NL,Smart TV,0,dutc,,select,,2020-11-20 18:13:11
Lourenço,NL,Smart TV,0,bri,What to Expect When You're Expecting,play,,2020-11-13 12:41:51
Lourenço,NL,Smart TV,0,bri,What to Expect When You're Expecting,select,,2020-11-13 12:41:48
Lourenço,NL,Smart TV,0,bri,Bridget Jones: The Edge of Reason,play,,2020-11-13 12:38:01
Lourenço,NL,Smart TV,0,bri,Bridget Jones: The Edge of Reason,select,,2020-11-13 12:37:57
Lourenço,NL,Smart TV,0,feed,,play,,2020-11-04 15:58:01
Lourenço,NL,Smart TV,0,feed,,play,,2020-11-04 09:10:47
Lourenço,NL,Smart TV,0,feed,,select,,2020-11-04 09:10:43
Lourenço,PT,iPhone,0,archive,Archive,select,,2020-10-11 21:05:16
Lourenço,PT,Smart TV,0,wa,Da 5 Bloods,play,,2020-10-04 20:56:03
Lourenço,PT,Smart TV,0,wa,Da 5 Bloods,select,,2020-10-04 20:56:01
Lourenço,PT,Smart TV,0,wa,Da 5 Bloods,play,,2020-10-04 20:55:35
Lourenço,PT,Smart TV,0,wa,Da 5 Bloods,select,,2020-10-04 20:55:32
Lourenço,PT,Smart TV,0,wa,,select,,2020-10-04 20:55:03
Lourenço,PT,iPad,0,a batalha,Battle: Los Angeles,play,,2020-10-03 21:54:39
Lourenço,PT,iPad,0,a batalha,Battle: Los Angeles,select,,2020-10-03 21:54:29
Lourenço,PT,iPad,0,a batalha,,select,,2020-10-03 21:54:19
Lourenço,PT,Smart TV,0,mid,Midway,select,,2020-10-03 21:45:35
Lourenço,PT,Smart TV,0,fu,,play,,2020-10-03 13:38:48
Lourenço,PT,Smart TV,0,fu,,select,,2020-10-03 13:38:45
Lourenço,PT,Smart TV,0,pen,Penny Dreadful,select,,2020-07-19 10:19:51
Lourenço,PT,Smart TV,0,re,,play,,2020-07-14 13:36:16
Lourenço,PT,Smart TV,0,re,,play,,2020-07-14 12:48:26
Lourenço,PT,Smart TV,0,re,,select,,2020-07-14 12:48:23
Lourenço,PT,Smart TV,0,re,Reality,select,,2020-07-14 12:48:20
Lourenço,PT,Smart TV,0,pitch,Pitch Perfect 2,select,,2020-07-09 21:53:00
Lourenço,PT,Smart TV,0,bra,Brave,select,,2020-06-27 21:58:46
Lourenço,PT,Smart TV,0,du,Fury,play,,2020-06-26 23:56:38
Lourenço,PT,Smart TV,0,du,Fury,select,,2020-06-26 23:56:34
Lourenço,PT,Smart TV,0,du,Dunkirk,select,,2020-06-26 23:56:23
Lourenço,PT,Smart TV,0,du,The Resistance Banker,play,,2020-06-26 23:54:20
Lourenço,PT,Smart TV,0,du,The Resistance Banker,select,,2020-06-26 23:54:17
Lourenço,PT,Smart TV,0,du,Dunkirk,select,,2020-06-26 23:54:13
Lourenço,PT,Smart TV,0,du,The Photographer Of Mauthausen,play,,2020-06-26 23:54:03
Lourenço,PT,Smart TV,0,du,The Photographer Of Mauthausen,select,,2020-06-26 23:54:00
Lourenço,PT,Smart TV,0,du,Dunkirk,select,,2020-06-26 23:53:39
Lourenço,PT,Smart TV,0,love si,,play,,2020-06-22 22:02:33
Lourenço,PT,Smart TV,0,love si,,select,,2020-06-22 22:02:31
Lourenço,PT,Smart TV,0,fau,,play,,2020-06-12 22:49:10
Lourenço,PT,Smart TV,0,fau,,select,,2020-06-12 22:49:07
Lourenço,PT,Smart TV,0,bea,,play,,2020-06-11 10:59:17
Lourenço,PT,Smart TV,0,bea,,select,,2020-06-11 10:59:14
Lourenço,PT,Smart TV,0,bea,Bee Movie,select,,2020-06-11 10:59:10
Lourenço,PT,Smart TV,0,bea,,select,,2020-06-11 10:59:04
Lourenço,PT,Smart TV,0,i,Interstellar,play,,2020-06-01 22:19:51
Lourenço,PT,Smart TV,0,i,Interstellar,select,,2020-06-01 22:19:48
Lourenço,PT,Smart TV,0,pre,Pretty Woman,select,,2020-05-24 23:18:16
Lourenço,PT,Smart TV,0,mod,,play,,2020-05-21 20:21:28
Lourenço,PT,Smart TV,0,mod,,select,,2020-05-21 20:21:23
Lourenço,PT,Smart TV,0,mom,,play,,2020-05-13 14:44:58
Lourenço,PT,Smart TV,0,mom,,play,,2020-05-13 14:44:33
Lourenço,PT,Smart TV,0,mom,,play,,2020-05-13 14:44:21
Lourenço,PT,Smart TV,0,mom,,select,,2020-05-13 14:44:18
Lourenço,PT,iPhone,0,casam,,select,,
Lourenço,PT,Smart TV,0,eurot,Eurotrip,select,,
Lourenço,PT,Smart TV,0,mary,Matilda,play,,
Lourenço,PT,Smart TV,0,on,,play,,
Lourenço,PT,Smart TV,0,on,The Meg,play,,
Lourenço,PT,Smart TV,0,mary,Matilda,select,,
Lourenço,PT,Smart TV,0,lu,,play,,
Lourenço,PT,Smart TV,0,,,select,,
Lourenço,PT,Smart TV,0,f,,select,,
Lourenço,PT,Smart TV,0,pret,Pretty Woman,select,,
Lourenço,PT,Smart TV,0,pret,Dirty Dancing,select,,
Lourenço,PT,iPhone,0,bad bo,Bad Boys,add,,
Lourenço,PT,iPhone,0,bad bo,Bad Boys II,add,,
Lourenço,PT,Smart TV,0,grea,Grease,play,,
Lourenço,PT,Smart TV,0,hul,,select,,
Lourenço,PT,Smart TV,0,grea,Grease,select,,
Lourenço,PT,Smart TV,0,y,,play,,
Lourenço,PT,Smart TV,0,hai,Hair,select,,
Lourenço,PT,Smart TV,0,eu,Eurotrip,select,,
Lourenço,PT,iPhone,0,os guar,,select,,
Lourenço,PT,iPhone,0,os guar,,select,,
Lourenço,PT,iPhone,0,os guar,,select,,
Lourenço,PT,Smart TV,0,,,play,,
Lourenço,PT,Smart TV,0,y,,select,,
Lourenço,PT,Smart TV,0,pret,Dirty Dancing,play,,
Lourenço,PT,Smart TV,0,on,,select,,
Lourenço,PT,Smart TV,0,on,The Meg,select,,
Lourenço,PT,Smart TV,0,tigr,,select,,
Lourenço,PT,Smart TV,0,tigr,,select,,
Lourenço,PT,iPhone,0,bad bo,Bad Boys,select,,
Lourenço,PT,iPhone,0,bad bo,Bad Boys,select,,
Lourenço,PT,iPhone,0,bad bo,Bad Boys,select,,
Lourenço,PT,iPhone,0,bad bo,Bad Boys II,select,,
Lourenço,PT,Smart TV,0,tigr,,play,,
Lourenço,PT,Smart TV,0,tigr,,play,,
Lourenço,PT,Smart TV,0,lu,,select,,
Deanna,BR,Smart TV,0,a som,Mr. Jones,play,title_results,2022-07-31 16:25:13
Deanna,BR,Smart TV,0,a som,Mr. Jones,play,title_results,2022-07-31 16:25:13
Deanna,BR,Smart TV,0,a som,Mr. Jones,play,title_results,2022-07-31 14:55:20
Deanna,BR,Smart TV,0,a som,Mr. Jones,play,title_results,2022-07-31 14:55:20
Deanna,BR,Smart TV,0,a som,Mr. Jones,select,title_results,2022-07-31 14:55:16
Deanna,BR,Smart TV,0,a som,Mr. Jones,select,title_results,2022-07-31 14:55:16
Deanna,BR,Smart TV,0,shum,Schumacher,play,title_results,2022-03-13 00:58:17
Deanna,BR,Smart TV,0,shum,Schumacher,select,title_results,2022-03-13 00:58:13
Deanna,BR,Android Phone,0,winter ,Winter on Fire: Ukraine's Fight for Freedom,select,title_results,2022-02-17 00:16:50
Deanna,BR,Smart TV,0,nada ,,play,title_results,2022-02-08 16:06:39
Deanna,BR,Smart TV,0,nada ,,select,title_results,2022-02-08 16:06:35
Deanna,BR,Android Phone,0,,My Best Friend Anne Frank,select,prequery_results,2022-02-05 21:58:28
Deanna,BR,Android Phone,0,,My Best Friend Anne Frank,play,prequery_results,2022-02-05 21:58:05
Deanna,BR,Android Phone,0,,My Best Friend Anne Frank,select,prequery_results,2022-02-05 21:58:00
Deanna,BR,Smart TV,0,amanda,Amanda Knox,play,title_results,2022-02-03 23:21:15
Deanna,BR,Smart TV,0,amanda,Amanda Knox,select,title_results,2022-02-03 23:21:10
Deanna,BR,Smart TV,0,mcg,,play,title_results,2021-12-07 14:20:35
Deanna,BR,Smart TV,0,mcg,,play,title_results,2021-12-07 14:20:07
Deanna,BR,Smart TV,0,mcg,,select,title_results,2021-12-07 14:20:03
Deanna,BR,Smart TV,0,lovi,Loving Vincent,select,suggestion_results,2021-08-24 21:59:32
Deanna,BR,Smart TV,0,lovi,Loving Vincent,select,suggestion_results,2021-08-24 21:59:17
Deanna,BR,Smart TV,0,lovi,Loving Vincent,select,suggestion_results,2021-08-24 21:59:06
Deanna,BR,Smart TV,0,lovi,Loving Vincent,select,suggestion_results,2021-08-24 21:58:41
Deanna,BR,Smart TV,0,lovi,Loving Vincent,select,suggestion_results,2021-08-24 21:58:30
Deanna,BR,Smart TV,0,v,,play,,2021-04-04 20:37:56
Deanna,BR,Smart TV,0,v,,select,,2021-04-04 20:37:52
Deanna,BR,Smart TV,0,v,Vikings,select,,2021-04-04 20:37:51
Deanna,BR,Smart TV,0,v,Vikings,select,,2021-04-04 20:37:46
Deanna,BR,Smart TV,0,v,Vikings,select,,2021-04-04 20:37:45
Deanna,BR,Smart TV,0,cali,,play,,2021-01-06 18:47:53
Deanna,BR,Smart TV,0,cali,,play,,2021-01-06 18:47:03
Deanna,BR,Smart TV,0,cali,,select,,2021-01-06 18:46:58
Deanna,BR,Smart TV,0,corvo,,play,,2021-01-06 01:34:42
Deanna,BR,Smart TV,0,corvo,,select,,2021-01-06 01:34:39
Deanna,BR,Smart TV,0,corv,The Crow: City of Angels,select,,2021-01-06 01:33:27
Deanna,BR,Smart TV,0,corv,The Crow: City of Angels,select,,2021-01-06 01:33:22
Deanna,BR,Smart TV,0,corv,Crows: Episode Zero II,play,,2021-01-06 01:33:09
Deanna,BR,Smart TV,0,corv,Crows: Episode Zero II,select,,2021-01-06 01:33:04
Deanna,BR,Smart TV,0,corv,The Crow: City of Angels,select,,2021-01-06 01:32:31
Deanna,BR,Smart TV,0,corv,Crows Explode,select,,2021-01-06 01:32:12
Deanna,BR,Smart TV,0,corv,Crows Explode,select,,2021-01-06 01:31:47
Deanna,BR,Smart TV,0,corv,Crows Explode,select,,2021-01-06 01:31:45
Deanna,BR,Smart TV,0,corv,Crows Explode,select,,2021-01-06 01:31:43
Deanna,BR,Smart TV,0,corv,Crows Explode,select,,2021-01-06 01:31:16
Deanna,BR,Smart TV,0,corv,Crows Explode,select,,2021-01-06 01:31:15
Deanna,BR,Smart TV,0,corv,The Crow,select,,2021-01-06 01:30:50
Deanna,BR,Smart TV,0,corv,The Crow,select,,2021-01-06 01:30:32
Deanna,BR,Smart TV,0,corv,The Crow,select,,2021-01-06 01:30:11
Deanna,BR,Smart TV,0,corv,The Crow,select,,2021-01-06 01:30:09
Deanna,BR,Smart TV,0,monarquia inglesa,Victoria & Abdul,play,,2020-12-04 19:01:08
Deanna,BR,Smart TV,0,monarquia inglesa,Victoria & Abdul,select,,2020-12-04 19:01:04
Deanna,BR,Smart TV,0,monarquia inglesa,,play,,2020-12-04 19:00:34
Deanna,BR,Smart TV,0,monarquia inglesa,,select,,2020-12-04 19:00:27
Deanna,BR,Smart TV,0,monarquia inglesa,Elizabeth: The Golden Age,play,,2020-12-04 19:00:02
Deanna,BR,Smart TV,0,monarquia inglesa,Elizabeth: The Golden Age,select,,2020-12-04 18:59:57
Deanna,BR,Smart TV,0,cr,,play,,2020-11-23 19:48:51
Deanna,BR,Smart TV,0,cr,,play,,2020-11-23 18:46:04
Deanna,BR,Smart TV,0,cr,,play,,2020-11-23 18:42:42
Deanna,BR,Smart TV,0,cr,,select,,2020-11-23 18:42:38
Deanna,BR,Smart TV,0,cr,The Crow,select,,2020-11-23 18:42:35
Deanna,BR,Android Phone,0,unabo,,select,,2020-07-19 23:21:40
Deanna,BR,Smart TV,0,vers,,play,,2020-07-13 00:28:02
Deanna,BR,Smart TV,0,vers,,select,,2020-07-13 00:27:58
Deanna,BR,Android Phone,0,anne,#AnneFrank - Parallel Stories,select,,2020-07-01 23:13:58
Deanna,BR,Smart TV,0,tru,,play,,2020-05-27 19:16:30
Deanna,BR,Smart TV,0,tru,,select,,2020-05-27 19:16:27
Deanna,BR,Android Phone,0,mossa,The Angel,select,,2020-05-23 22:16:55
Deanna,BR,Android Phone,0,mossa,,select,,2020-05-23 22:15:13
Deanna,BR,Smart TV,0,ele,Look Who's Back,play,,2020-05-09 16:34:18
Deanna,BR,Smart TV,0,ele,Look Who's Back,select,,2020-05-09 16:34:14
Deanna,BR,Smart TV,0,chur,,play,,2020-05-06 00:27:08
Deanna,BR,Smart TV,0,chur,,select,,2020-05-06 00:27:04
Deanna,BR,Smart TV,0,chur,,select,,2020-05-06 00:26:59
Deanna,BR,Smart TV,0,chur,,select,,2020-05-06 00:26:56
Deanna,BR,Smart TV,0,chur,,play,,2020-05-05 20:03:58
Deanna,BR,Smart TV,0,chur,,select,,2020-05-05 20:03:55
Deanna,BR,Smart TV,0,chur,The Laundromat,play,,2020-05-05 20:03:03
Deanna,BR,Smart TV,0,chur,The Laundromat,select,,2020-05-05 20:02:58
Deanna,BR,Smart TV,0,chur,Operation Finale,play,,2020-05-05 19:55:36
Deanna,BR,Smart TV,0,chur,Operation Finale,select,,2020-05-05 19:55:32
Deanna,BR,Smart TV,0,chur,,select,,2020-05-05 19:54:53
Deanna,BR,Smart TV,0,chur,,select,,2020-05-05 19:54:50
Deanna,BR,Smart TV,0,chur,,select,,2020-05-05 19:54:44
Deanna,BR,Smart TV,0,luis 1,,select,,
Deanna,BR,Smart TV,0,ve,,select,,
Deanna,BR,Smart TV,0,ve,,play,,
Deanna,BR,Smart TV,0,luis 1,,play,,
Juliana,BR,Streaming Stick,0,mcg,,play,title_results,2022-09-03 23:10:13
Juliana,BR,Streaming Stick,0,mcg,,play,title_results,2022-09-03 23:10:13
Juliana,BR,Streaming Stick,0,mcg,,select,title_results,2022-09-03 23:10:10
Juliana,BR,Streaming Stick,0,mcg,,select,title_results,2022-09-03 23:10:10
Juliana,BR,Smart TV,0,y,Yesterday,play,title_results,2022-02-27 17:18:47
Juliana,BR,Smart TV,0,y,Yesterday,play,title_results,2022-02-27 16:59:37
Juliana,BR,Smart TV,0,y,Yesterday,select,title_results,2022-02-27 16:59:32
CECI,BR,Streaming Stick,1,jule,,play,title_results,2022-09-04 02:55:03
CECI,BR,Streaming Stick,1,jule,,play,title_results,2022-09-04 02:55:03
CECI,BR,Streaming Stick,1,jule,,select,title_results,2022-09-04 02:55:00
CECI,BR,Streaming Stick,1,jule,,select,title_results,2022-09-04 02:55:00
CECI,BR,Smart TV,1,ballerina,,play,title_results,2022-08-22 19:10:45
CECI,BR,Smart TV,1,ballerina,,play,title_results,2022-08-22 19:10:45
CECI,BR,Smart TV,1,ballerina,,select,title_results,2022-08-22 19:10:41
CECI,BR,Smart TV,1,ballerina,,select,title_results,2022-08-22 19:10:41
CECI,BR,Smart TV,1,jo,,play,title_results,2022-03-17 15:41:55
CECI,BR,Smart TV,1,jo,,select,title_results,2022-03-17 15:41:52
CECI,BR,Smart TV,1,b,,play,title_results,2021-12-16 19:11:16
CECI,BR,Smart TV,1,b,,select,title_results,2021-12-16 19:11:11
CECI,BR,Smart TV,1,po,,play,,2021-01-10 13:43:42
CECI,BR,Smart TV,1,po,,select,,2021-01-10 13:43:34
CECI,BR,iPhone,1,poli,,select,,2021-01-09 21:42:49
CECI,BR,Smart TV,1,toy ,,play,,2020-12-22 23:41:06
CECI,BR,Smart TV,1,toy ,,select,,2020-12-22 23:40:59
CECI,BR,Smart TV,1,toy ,Toy Story 3,select,,2020-12-22 23:40:20
CECI,BR,Smart TV,1,t,Toy Story,select,,2020-12-22 23:39:17
CECI,BR,Smart TV,1,osc,,play,,2020-11-22 00:39:31
CECI,BR,Smart TV,1,osc,,select,,2020-11-22 00:39:28
CECI,BR,Smart TV,1,ninja,,play,,2020-06-14 17:57:36
CECI,BR,Smart TV,1,ninja,,select,,2020-06-14 17:57:31
